"number";"cluster_id";"gene_id";"name";"pfam";"type";"phylum";"continent";"seq";"pfam_link";"mgnify";"color";"substrate";"pubchem_s"
"1";"PGC_389";"GUT_GENOME143487_02755";"Amylosucrase";"Pyr_redox_2;Oxidored_FMN;Alpha-amylase";"PUP genes";"Blautia sp001304935";"Europe";"MSMDKLRTYYFGLYGENGTTQFFFDQLMEIMEKARAGRSTALRKQDKKGNDWYLSEKMVGMMLYLDKFSDNLSSFENRIDYLADLGVTYVHFMPLLQSREGQNDGGYAVSDYLNVDKKFGTTEQFEHVVDRLKKKGIRTCIDFVLNHTAKEHEWALKSRKNEPGYEDMYYMFDNYGIPSEYEKTLTEIFPSVAPKNFTYYEDIGKFVMTRFYEFQWDLNYKNPNVFNRIAEVLLTLANKGIDIFRLDAIPYMWKELGTSSMNLPQVHTLLKMYEMIIEEVCPSVVFLGEAIVEPHEIVKYFGTPEEKECHIMYNASLMVLLWNSLATRDVRLMQRSMSIDYGTPKDGVWINYARCHDDIGWGFEKDIIRDLGMDPEAHKQFIIQFMEGKFPGSFAKGELYEFNPETLDARNSGTMASLCGLEEAILKKDRYKLELAVKRILLLNSVIISYTGIPLLYSGDEIGTLNWWDYKKDETIAHDSRWLHRAPMDWEKAGNRHDMGTVEGILFSSIREMIRVRKENPIFASNISSIPIDTGNKAVFAFHREDKMLVLANFSEERQVVNCNAVNWFGLPWELHDLIQGKTVPLWDNIVLGPYEYLWLA";"https://pfam.xfam.org/family/Pyr_redox_2;https://pfam.xfam.org/family/Oxidored_FMN;https://pfam.xfam.org/family/Alpha-amylase;";"https://www.ebi.ac.uk/metagenomics/genomes/MGYG-HGUT-00123";"#a7d6ca";"resveratrol;sucrose";"https://pubchem.ncbi.nlm.nih.gov/compound/resveratrol;https://pubchem.ncbi.nlm.nih.gov/compound/sucrose"
"2";"PGC_927";"GUT_GENOME001030_00968";"Glucosyltransferase-SI";"Glyco_hydro_70;Choline_bind_3;Choline_bind_1";"PUP genes";"Streptococcus salivarius";"Asia";"MEQKVRFKMHKVKKNWVTIGVTALSMVTVAGGTLLVDQQVQADEQNPANQSGDSSQNLLQETPATTNDVATTVAPTISEDANTASVAIPVADATSTTTAATDRAATPAANTATVDTNSGQATPSTNVQAAAANTSATPTDTNNATATATTDRAATTDTANTEARTRSRRALAETREANTNTATGIQWINGKQYYVNSDGSVRKNFVFEQDGKSYYFDAETGALATKSQDEFSTEPIKATVDFSSGNQLYKNDDKSLDQIDTFITADAWYRPKSILKDGKTWTASTEADKRPLLMVWWPDKSTQVNYLNYMQNQGLGAGSFSTNSSQESLDQAAKMVQTKIEERIAREGNTNWLRTSIDQFIKTQPGWNSSTENSSYDHLQGGQLLFNNSKGDTGNRTSHANSDYRLLNRTPTNQTGTRKYFKDNSIGGLEFLLANDIDNSNPAVQAEQLNWLHFMMNIGSIMANDPTANFDGLRVDALDNVDADLLQIASDYFKAAYGVDKSEANAIKHLSYLEAWSANDPYYNKDNKGAQLPIDNALRNALTNLLMRDKNTRMQLGDMTAFMNSSLNPRGANDKNGERMANYIFTRAHDTEAQTIIQRIIRDRINPNLFGYNFTRDEIKKAFEIYNADINTAHKTYASYNLPSVYALMLTNKDSVTRVYYGDLYREDGHYMAKKTPYFDAIDTLLRARIKYVAGGQDMEVKKVGNDGLLTSVRYGKGANNRTDWGTSETRTQGMGVIMTNNYDFRLGSNETVTMNMGRAHRNQLYRPLLLTTKDGIATYLNDSDVPKNLLKRTDWNGNLTFNANDIFGVENVQVSGYLGVWVPVGAKANQDARTQPSNRANSDGQVYKSSAALDSQVMYEAFSNFQAFADDQPELYMNRVLAKNTDLLKAWGITSVGLPPQYVSSKDGTFLDSTIDNGYAFDDRYDMALSQNNKYGSLEDLLNVLRALHKDGIQAIADWVPDQIYNLPGKEVVNATRVNGYGNHQIGYQIIDQAYVANTRTDGTDYQGKYGGAFLDELKAKYPSIFNRVQISNGKQLPTNEKITKWSAKYFNGTNILGRGINYVLRDDKTNQYFNTSANGQLLPTPLRDTGAITSTQVFQRRGQDVYFLRDNQTVKNEFVQDGNGNWYYFGGDGKMTKSAQNINNKDYYFFDNGIQLRNALRRASNGYTYYYGLDGVMVKNAFVDFDDKHKQVRAFTTQGTMVVGNLHWSGHHFYFDRETGIQAKDRVVRTDDGKLHYYVAETGDMGRNVFATDSSTGKRYYFDADGNTVTGSRVIDGKTYYFNQDGSVGTAYSNRADSIIFENGKARYITPAGEIGRSIFVYNPATKAWNYFDKEGNRVTGRQYIDGHLYYFKEDGSQAKGEIIEENGIKYYYEPESGILASGRYLQVGDDQWMYFKQDGSLAIGQVRADGGYLKYFDKNGIQVKGKTIVEDGKTYYYDANSGALVTSSFAEIAPNQWAYFNTEGQALKGKWTINGKEYYFDENGIQYKGKAVKVGSRYKYYDENDGQPVTNRFAQIEPNVWAYFGADGYAVTGEQVINGQHLYFDQSGRQVKGAYVTVNGQRRYYDANTGEYVPGR";"https://pfam.xfam.org/family/Glyco_hydro_70;https://pfam.xfam.org/family/Choline_bind_3;https://pfam.xfam.org/family/Choline_bind_1;";"https://www.ebi.ac.uk/metagenomics/genomes/MGYG-HGUT-00113";"#cfd4b1";"luteolin (quercetin/myricetin)";"https://pubchem.ncbi.nlm.nih.gov/compound/luteolin"
"3";"PGC_927";"GUT_GENOME001030_00971";"Glucosyltransferase-SI";"Glyco_hydro_70;Choline_bind_3;Choline_bind_1";"PUP genes";"Streptococcus salivarius";"Asia";"MENKVRFKLHKVKKNWVTIGVTTLSMVALAGGSLLAQGKVEADETSAPNGDGLQQLSEDGTASLVMTTTVTEQASAQASVSAIETVGTNSQVVTSVVSQETTAQVQTSPVASREVAVSSQTQASAQETQTTEQASQGQTSTQVAGQTSTQSTPRVLTNAAPAIATRAADSTIRINANRNTNITITASGTTPNVTIITGPNTPKPNVTVTSPNGTRPNVTIVTQPNQPNKPVQPSQPSQPNKPVQPSQPSLDYKPVASNLKTIDGKQYYVENGVVKKNTAIELDGRLYYFDETGAMVDQSKPLYRADAIPNNSIYAVYNQAYDTSSKSFEHLDNFLTADSWYRPKQILKDGKNWTASTEKDYRPLLMTWWPDKVTQVNYLNYMSQQGFGNKTYTTDMMSYDLAAAAETVQRGIEERIGREGNTTWLRQLMSDFIKTQPGWNSESEDNLLVGKDHLQGGALTFLNNSATSHANSDFRLMNRTPTNQTGTRKYHIDRSNGGYELLLANDIDNSNPAVQAEQLNWLHYIMNIGSILGNDPSANFDGVRIDAVDNVDADLLQIASDYFKEKYRVADNEANAIAHLSILEAWSYNDHQYNKDTKGAQLSIDNPLRETLLTTFLRKSNYRGSLERVITNSLNNRSSEQKHTPRDANYIFVRAHDSEVQAVLANIISKQINPKTDGFTFTMDELKQAFEIYNVDMRKADKKYTQYNIPAAYATMLTNKDSITRVYYGDLFTDDGQYMAEKSPYYNAIDALLRARIKYVAGGQDMKVTKLNGYEIMSSVRYGKGAEEANQLGTAETRNQGMLVLTANRPDMKLGTNDRLVVNMGAAHKNQAYRPLLLSKSTGLATYLKDSDVPAGLVRYTDNQGNLTFTADDITGHSTVEVSGYLAVWVPVGASENQDARTKASTTKKGEQVFESSAALDSQVIYEGFSNFQDFVKTPSQYTNRVIAQNAKRFKEWGITSFEFAPQYVSSQDGTFLDSIIENGYAFEDRYDIAMSKNNKYGSLKDLMDALRALHAEGISAIADWVPDQIYNLPGKEVVTASRTNSYGTPRPNAEIYNSLYAAKTRTFGNDFQGKYGGAFLDELKTKYPAIFERVQISNGRKLTTNEKITQWSAKYFNGSNIQGTGARYVLQDNATNQYFSLKAGQTFLPKQMTEITASGFRRVGDKVQYLSTSGYLAKNTFIQIGANQWYYFDKNGNMVTGEQVIDGKKYFFLDNGLQLRHVLRQGSDGHVYYYDPKGVQAFNGFYDFAGPRQDVRYFDGNGQMYRGLHDMYGTTFYFDEKTGIQAKDKFIRFADGRTRYFIPDTGNLAVNRFAQNPENKAWYFLDSNGYAVTGLQTINGKQYYFDNEGRQVKGHFVTINNQRYFLDGDSGEIARSRFVTENNKWYYVDGNGKLVKGAQVINGNHYYFNNDYSQVKGAWANGRYYDGDSGQAVTNRFVQVGANQWAYLNQNGQKVVGLQHINGKLYYFEGNGVQAKGKLLTYRGKKYYFDANSGEAVTNRFIQISRGVWYYFNASGQAVTGEQVINGQHLYFDASGRQVKGRYVWVKGQRRYYDANTGAWVRKR";"https://pfam.xfam.org/family/Glyco_hydro_70;https://pfam.xfam.org/family/Choline_bind_3;https://pfam.xfam.org/family/Choline_bind_1;";"https://www.ebi.ac.uk/metagenomics/genomes/MGYG-HGUT-00113";"#cfd4b1";"luteolin (quercetin/myricetin)";"https://pubchem.ncbi.nlm.nih.gov/compound/luteolin"
"4";"PGC_926";"GUT_GENOME000815_01382";"Glucosyltransferase-SI";"Glyco_hydro_70;Choline_bind_3;Choline_bind_1";"PUP genes";"Streptococcus salivarius";"Asia";"MEQKVRFKMHKVKKNWVTIGVTALSMVTVAGGTLLADQQVQADEQNPANQSGDSSQDLLQETPATTNDVATTVAPTITADANTASVNIPVADATSTTTAASDRAAAPTTNAATVDTNSGQAAPSTNVQPAAADTSATTTDTNTNTNAATTDRAATTDTANTEARTRSRRALAETREANTNTSTGIQWINGKQYYVNSDGSVRKNFVFEQDGKSYYFDAETGALATKSQDEFSTEPIKATVDFSSGNQLYKNDDKSLDQLDTFITADAWYRPKSILKDGKTWTASTEADKRPLLMVWWPDKSTQVNYLNYMQNQGLGAGSFSTNSSQESLDQAAKMVQTKIEERIAREGNTNWLRTSINQFIKTQPGWNSSTENSSYDHLQGGQLLFNNSKGDTGNRTSHANSDYRLLNRTPTNQTGTRKYFKDNSIGGLEFLLANDIDNSNPAVQAEQLNWLHFMMNIGSIMANDPTANFDGLRVDALDNVDADLLQIASDYFKAAYGVDKSEANAIKHLSYLEAWSANDPYYNKDTKGAQLPIDNALRNALTNLLMRDKNTRMQLGDMTAFINSSLNPRGANDKNGERMANYIFTRAHDTEAQTIIQRIIRDRINPNLFGYNFTRDEIKKAFEIYNEDIDKAHKTYASYNLPSVYALMLTNKDSVTRVYYGDLYREDGHYMAKKTPYFDAIDTLLRARIKYVAGGQDMEVKKVGNDGLLTSVRYGKGANNRTDWGTSETRTQGMGVIMTNNYDFRLGSNETVTMNMGRAHRNQLYRPLLLTTKDGIATYLNDSDVPKHLLKRTDWNGNLTFNANDVFGVENVQVSGYLGVWVPYGAKANQDARTQPSNRANSDGQVYKSSAALDSQVMYEAFSNFQAFADDQPELYMNRVLAKNTDLLKAWGITSVGLPPQYVSSKDGTFLDSTIDNGYAFDDRYDMALSQNNKYGSLEDLLNVLRALHKDGIQAIADWVPDQIYNLPGKEVVNATRVNGYGNHQVGYQIIDQAYVANTRTDGTDYQGKYGGAFLDELKAKYPSIFNRVQISNGKQLPTNEKITKWSAKYFNGTNILGRGINYVLRDDKTNQYFNTSANSQLLPTPLRDTGAITSTQVFQRRGRDVYFLRDNQAVKNEFVQDGNGNWYYFGADGKMTKGAQTINKKDYYFFDNGIQLRNALRRANNGYTYYYGLDGAMVKNAFVDFDDKRKQVRAFTTQGTMVVGNLHWSGHHFYFDRETGIQAKDRIVRTDDGKLHYYVAETGDMGRNVFATDSSTGKRYYFDADGNTVTGSRVIDGKTYYFNQDGSVGTAYSNRADSIIFENGKARYITPAGEIGRSIFVYNPATKAWNYFDKEGNRVTGRQYIDGHLYYFKEDGSQAKGEIIEENGIKYYYEPDSGILASGRYLQVGDDKWMYFKQDGSLAIGQVRADHGYLKYFDENGIQVKGKTVVEDGKTYYYDAHSGALVTSSFAEIAPNQWSYFNTDGQALKGKWTINGKEYYFDQNGIQYKGKAVKVGSRYKYYDENDGQPVTNRFAQIEPNVWAYFGADGYAVTGEQVINGQHLYFDQSGRQVKGAYVTVNGQRRYYDANTGEYIPGR";"https://pfam.xfam.org/family/Glyco_hydro_70;https://pfam.xfam.org/family/Choline_bind_3;https://pfam.xfam.org/family/Choline_bind_1;";"https://www.ebi.ac.uk/metagenomics/genomes/MGYG-HGUT-00113";"#a5c9e3";"luteolin (quercetin/myricetin)";"https://pubchem.ncbi.nlm.nih.gov/compound/luteolin"
"5";"PGC_926";"GUT_GENOME000815_01385";"Glucosyltransferase-SI";"Glyco_hydro_70;Choline_bind_3;Choline_bind_1";"PUP genes";"Streptococcus salivarius";"Asia";"MSQGQTSTQVAGQTSAQSTPSVTEQARPRVLTNAVPSIATRAADSTIRINANRNTNITITASGTTPNVTIITGPNTPKPNVTVTSPNGTTPNVTIVTQPNQPNKPVQPSQPSQPNKPVQPSQPSLDYKPVASNLKTIDGKQYYVENGVVKKNTAIELDGRLYYFDETGAMVDQSKPLYRADAIPNNSINAVYNQAYDTSSKSFEHLDNFLTADSWYRPKQILKDGKNWTPSTEKDYRPLLMTWWPDKVTQVNYLNYMSQQGFSDKTYTTDMMSYDLASAADLIQVKIEERIGREGNTTWLRQLMSDFIKTQPGWNSESEDNLLVGKDHLQGGALTFLNNSTTSHANSDFRLMNRTPTNQTGTRKYHIDRSNGGYELLLANDIDNSNPAVQAEQLNWLHYIMNIGSILGNDPSANFDGVRIDAVDNVDADLLQIASDYFKEKYRVADNEANAIAHLSILEAWSYNDHQYNKDTKGAQLSIDNPLRETLLTTFLRKSNYRGSLERVITNSLNNRSSEQKHTPRDANYIFVRAHDSEVQAVLANIISKQINPKTDGFTFTMDELKQAFEIYNADMRKADKKYTQYNIPAAYATMLTNKDSITRVYYGDLFTDDGQYMAEKSPYYNAIDALLRARIKYVAGGQDMKVTKLNGYEIMSSVRYGKGAEEANQLGTAETRNQGMLVLTANRPDMKLGTNDRLVVNMGAAHKNQAYRPLLLSKSTGLATYLKDSDVPAGLVRYTDNQGNLTFTADDITGHSTVEVSGYLAVWVPVGASENQDARTKASTTKKGEQVFESSAALDSQVIYEGFSNFQDFVKTPSQYTNRVIAQNAKLFKEWGITSFEFAPQYVSSQDGTFLDSIIENGYAFEDRYDIAMSKNNKYGSLKDLMDALRALHAEGISAIADWVPDQIYNLPGKEVVTASRTNSYGTPRPNAEIYNSLYAAKTRTFGNDFQGKYGGAFLDELKAKYPAIFERVQISNGRKLTTNEKITQWSAKYFNGSNIQGTGARYVLQDNATNQYFNLKAGQTFLPKQMTEITATGFRRVGDKVQYLSTSGYLAKNTFIQIGANQWYYFDKNGNMVTGEQVIDGKKYFFLDNGLQLRHVLRQGSDGHIYYYDPKGVQAFNGFYDFAGPRQDVRYFDGNGQMYRGLHDMYGTTFYFDEKTGIQAKDKFIRFADGRTRYFIPDTGNLAVNRFAQNPENKAWYYLDSNGYAVTGLQTINGKQYYFDNEGRQVKGHFVTVNNQRYFLDGDSGEIARSRFVTENNKWYYVDGNGKLVKGAQVINGNHYYFNNDYSQVKGAWANGRYYDGDSGQAVTNRFVQVGANKWAYLNQNGQKVVGLQHINGKLYYFEGNGVQAKGKLLTYRGKKYYFDANSGEAVTNRFIQISRGVWYYFNASGQAVTGEQVINGQHLYFDASGRQVKGRYVWVKGQRRYYDANTGAWVRKR";"https://pfam.xfam.org/family/Glyco_hydro_70;https://pfam.xfam.org/family/Choline_bind_3;https://pfam.xfam.org/family/Choline_bind_1;";"https://www.ebi.ac.uk/metagenomics/genomes/MGYG-HGUT-00113";"#a5c9e3";"luteolin (quercetin/myricetin)";"https://pubchem.ncbi.nlm.nih.gov/compound/luteolin"
"6";"PGC_925";"GUT_GENOME000571_00215";"Glucosyltransferase-SI";"Glyco_hydro_70;Choline_bind_3;Choline_bind_1";"PUP genes";"Streptococcus salivarius";"North America";"MEQKVRFKLHKVKKNWVTIGMTALSMVTVAGGTLLADQQVQADEQNPANQSGDSSQNLLQETPATTNDAATTVAPTISADANTASVAIPVADVTSTTTDVTDRAAAPAANTATVDTNSGQAAPSTNVQAATADTSATTTDTNTNTNAAVTGTDRATATTDRAATTDTANTEARTRSRRALAETREANTNTATGIQWINGKQYYVNSDGSVRKNFVFEQDGKSYYFDAETGALATKSQDEFSTEPIKATVDFSSGNQLYKNDNKSLDQLDTFITADAWYRPKSILKDGKTWTASTEADKRPLLMVWWPDKSTQVNYLNYMQNQGLGAGSFSTNSSQESLNLAAKAVQTKIEERIVREGNTNWLRTSIDQFIKTQPGWNSSTENSSYDHLQGGQLLFNNSKGDTGNRTNYANSDYRLLNRTPTNQTGTRKYFKDNSIGGLEFLLANDIDNSNPAVQAEQLNWLHFMMNIGSIMANDPTANFDGLRVDALDNVDADLLQIASDYFKAAYGVDKSEANAIKHLSYLEAWSANDPYYNKDTKGAQLPIDNALRNALTNLLMRDKNTRMQLGDMTAFMNSSLNPRGANDKNGERMANYIFTRAHDTEAQTIIQRIIRDRINPNLFGYNFTRDEIKKAFEIYNADINTAHKTYASYNLPSVYALMLTNKDSVTRVYYGDLYREDGHYMAKKTPYFDAIDTLLRARIKYVAGGQDMEVKKVGNDGLLTSVRYGKGANNRTDWGTAETRTQGMGVIMTNNYDFRLGSNETVTMNMGRAHRNQLYRPLLLTTKDGLATYLNDSDVPSNLLKRTDRNGNLTFNANDIFGVENVQVSGYLGVWVPVGAKANQDARTQPSNRANSDGQVYKSSAALDSQVMYEAFSNFQAFADDQPELYMNRVLAKNTDLLKAWGITSVGLPPQYVSSKDGTFLDSTIDNGYAFDDRYDMALSQNNKYGSLEDLLNVLRALHKDGIQAIADWVPDQIYNLPGKEVVNATRVNGYGYHQAGYQIVDQAYVANTRTDGTDYQGKYGGAFLDELKAKYPSIFNRVQISNGKQLPTNEKITKWSAKYFNGTNILGRGINFVLRDDKTNQYFNTSANSQLLPTPLRDTGAITSTQVFQRRGQDVYFLRDNQTVKNEFVQDGSGNWYYFGGDGKMTKGARNINNKDYYFFDNGIQLRNALRRASNGYTYYYGLDGAMVKNAFVDFDDKHKQVRAFTTQGTMVVGNLHWSGHHFYFDRETGLQAKDRIVRTDDGKLHYYVAGTGDMGRNVFATDSSTGKRYYFDANGNTVTGSRVIDGKTYYFNQDGSVGTAYSNRADSIIFENGKARYITPAGEIGRSIFVYNPATKAWNYFDKEGNRVTGRQYIDGHLYYFKEDGSQAKGEIIEENGIKYYYEPESGILASGRYLQVGDDQWMYFKQDGSLAIGQVRADHGYLKYFDKNGIQVKGKTIVEDGKTYYYDAHSGALVTSSFAEIAPNQWSYFNTDGEALKGKWTINGKEYYFDQNGIQYKGKAVKVGSRYKYYDENDGQPVSNRFAQIEPNVWAYFGADGYAVTGEQVINGQHLYFDQSGRQVKGAYVTVNGQRRYYDANTGEYIPGR";"https://pfam.xfam.org/family/Glyco_hydro_70;https://pfam.xfam.org/family/Choline_bind_3;https://pfam.xfam.org/family/Choline_bind_1;";"https://www.ebi.ac.uk/metagenomics/genomes/MGYG-HGUT-00113";"#a7d6ca";"luteolin (quercetin/myricetin)";"https://pubchem.ncbi.nlm.nih.gov/compound/luteolin"
"7";"PGC_925";"GUT_GENOME000571_00218";"hypothetical protein";"Glyco_hydro_70;Choline_bind_3;Choline_bind_1";"PUP genes";"Streptococcus salivarius";"North America";"MENKVRFKLHKVKKNWVTIGVTTLSMVALAGGSLLAQGKVEADETSMPNGDGLQQLSEDSTASLVTTTTVTEQASAQASVAAVATASVSHETSSQATTSAVAQEATAQAQSSQVIDQEVAVSSQTQASAQETLTTEQVSQGQATTQATVQERSQSDTPSNQVGQSESSVTPSHKATRSGGRRVATSHATAKANSQNQKKTEVQTSQRIETESVQTSAQSTPSVTEQARPRVLTNAAPSIATRAADSTIRINANRNTNITITASGTIPNVTIITGPNTPKPNVTVTSPNGTKPNVTIVTQPNQPNKPVQPSQPSQPNKPVQPNQPSLDYKPVASNLKIIDGKQYYVENGVVKKNAAIELDGRLYYFDETGAMVDQSKPLYRADAIPNNSINAVYNQAYDTSSKSFEHLDNFLTADSWYRPKQILKDGKNWTASTEKDYRPLLMTWWPDKVTQVNYLNYMSQQGFSDKTYTTDMMSYDLASAADLIQVKIEERIGREGNTTWLRQLMSDFIKTQPGWNSESEDNLLVGKDHLQGGALTFLNNSRTSHANSDFRLMNRTPTNQTGTRKYHIDRSNGGYELLLANDIDNSNPAVQAEQLNWLHYIMNIGSILGNDPSANFDGVRIDAVDNVDADLLQIASDYFKEKYRVADNEANAIAHLSILEAWSYNDHQYNKDTKGAQLSIDNPLRETLLTTFLRKSNYRGSLERVITNSLNNRSSEQKHTPRDANYIFVRAHDSEVQAVLANIISKQINPKTDGFTFTMDELKQAFEIYNADMRKADKKYTQYNIPAAYATMLTNKDSITRVYYGDLFTDDGQYMAEKSPYYNAIDALLRARIKYVAGGQDMKVTKHNGYEIMSSVRYGKGAEEVNQLGTAETRNQGMLVLTANRPDMKLGANDRLVVNMGSAHKNQAYRPLLLSKSTGLATYFKDSDVPAGLVRYTDNQGNLTFTADDITGHSTVEVSGYLAVWVPVGASENQDARTKASTTKKGEQVFESSAALDSQVIYEGFSNFQDFVKTPSQYTNRVIAQNAKRFKEWGITSFEFAPQYVSSQDGTFLDSIIENGYAFEDRYDIAMSKNNKYGSLKDLMDALRALHAEGISAIADWVPDQIYNLPGKEVVTASRTNSYGTPRPNAEIYNSLYAAKTRTFGNDFQGKYGGAFLDELKAKYPAIFERVQISNGRKLTTNEKITQWSAKYFNGSNIQGTGARYVLQDNATNQYFNLKAGQTFLPKQMTEITATGFRRVGDKVQYLSTSGYLAKNTFIQIGANQWYYFDKNGNMVTGEQVIDGKKYFFLDNGLQLRHVLRQGSDGHVYYYDPKGVQAFNGFYDFAGPRQDVRYFDGNGQMYRGLHDMYGTTFYFDEKTGIQAKDKFIRFADGRMRYFIPDTGNLAVNRFAQNPENKAWYYLDSNGYAVTGLQTINGKQYYFDNEGRQVKGHFVTINNQRYFLDGDSGEIARSRFVTENNKWYYVDGNGKLVKGAQVINGNHYYFNNDYSQVKGAWANGRYYDGDSGQAVSNRFVQVGANKWAYLNQNGQKVVGLQHINGKLYYFEGNGVQAKGKLMTYRGKKYYFDANSGEAVTNRFIQVSRGIWYYFNASGQAVTGEQVINGQHLYFDASGRQVKGRYVWVKGQRRYYDANTGAWVRNR";"https://pfam.xfam.org/family/Glyco_hydro_70;https://pfam.xfam.org/family/Choline_bind_3;https://pfam.xfam.org/family/Choline_bind_1;";"https://www.ebi.ac.uk/metagenomics/genomes/MGYG-HGUT-00113";"#a7d6ca";"luteolin (quercetin/myricetin)";"https://pubchem.ncbi.nlm.nih.gov/compound/luteolin"
"8";"PGC_731";"GUT_GENOME001030_01050";"Glucosyltransferase-SI";"Glyco_hydro_70;Choline_bind_3;Choline_bind_1";"PUP genes";"Streptococcus salivarius";"Asia";"MGKKVHYKLHKVKKQWVTIAVTSAALASIVGGATVANQKVSADETTQPVASTTAESDVVVETHEVAAPAATATTDATATTNDKAADAATVETPAAATTAADTTTNTATPATTDRAAVANGATTETPAATATDTTLTVAEKPKSGVTEKEETAALSLDNIKQVDGKYYYVKEDGSYKTNFAVSVNGQLLYFGKDGALTSTSTHSFTPGTTNLVDAFSSHNRAYDSKKESFELVDGYLTPNSWYRPVTILENGEKWRVSTEKDFRPLLMAWWPDVDTQVAYLNTFSKHFNLNATYSTSQSQSELNAAAKTIQIKIEQEISAKKSTEWLRQAIESFVKEQDQWNTTTENYTLADHLQGGALLYVNNDKTPWANSDYRLLNRTPSNQDGSLNGTGRYLGGYEFLLANDVDNSNPVVQAEQLNQIHYLVNWGSIVMGDKDANFDGIRVDAVDNVDADLLQVYTNYFRAAFGVDKSEANALAHISILEAWDLNDNAYNQKHDGAALAMDNNLRYAIMGALYGSGSSLKDLITSSLTDRTNNSKYGDTQANYIFARAHDNLVQDIIRDIVQKEINPKSDGYTMTDAELKRAFEIYNEDMKKAEKRYTINNIPAAYALILQNMEQVTRVYYGDLYTDNGQYMATKSPYYDAITTLLKNRMKYVSGGQSMKVDTFNGKEILSSVRYGKDIMTADQTTGVAETSKHSGMLTLIANNQDFSLGDGTLKVNMGKLHANQAYRPLLLGTDKGIVTYENDAAAAGKIKYTDAEGNLTFSGDEIKGYRTVDMRGYLGVWVPVGAPDNQDIRVKGSDKKLDKTFSATEALDSQVIYEGFSNFQDFVEKDSQYTNKLIAENAELFKSWGITSFEMAPQFVSADDRTFLDSVIQNGYAFTDRYDLAMSKNNKYGSKEDLRDALKALHKQGIQAIADWVPDQLYQLPGQEVVTATRANSYGTPKANAYINNTLYVANSKSSGKDFQAQYGGEFLDELQKKYPQLFEDVMISTGKKIDPSVKIKQWSAKYMNGTNILGRGNRYVLSNDATGRYYQVTDNGIFLPKPLTDQGGKTGFYYDGKGMAYFDNSGFQAKNAFIKYAGNYYYFDKEGYMLTGRQDIDGKTYFFLPNGVQLRDSIYQQDGKYYYFGSFGEQYKDGYFVFDVPKEGTSETEAKFRYFSPTGEMAVGLTYAGGGLQYFDENGFQAKGTKYVTPDGKLYFFDKNSGNAYTNRWAEIDGIWYEFNDQGYAQAKKGEFYTTDGSTWFYRDAAGKNVTGALTLDGHDYYFRANGAQVKGEFVTENGKISYYTVDNGYKVKDKFFEVNGKWYHADKDGNLATGRQTIDHLNYYFNADGSQVKSDFFTLDGGKTWYYAKDNGEIVTGAYSVGGKNYYFKEDGSQVKGDFVKNADGSLSYYDKDSGESLNNRFLTTGNNVWYYFKDGKAVTGRQNIDGKEYYFDNLGRQVKGSPISTPKGVEYYESVLGERVTNTWITFQDGTTVFFDENGYADFDK";"https://pfam.xfam.org/family/Glyco_hydro_70;https://pfam.xfam.org/family/Choline_bind_3;https://pfam.xfam.org/family/Choline_bind_1;";"https://www.ebi.ac.uk/metagenomics/genomes/MGYG-HGUT-00113";"#e6b8b3";"luteolin (quercetin/myricetin)";"https://pubchem.ncbi.nlm.nih.gov/compound/luteolin"
"9";"PGC_731";"GUT_GENOME001030_01052";"Glucosyltransferase-SI";"Glyco_hydro_70;Choline_bind_3;Choline_bind_1";"PUP genes";"Streptococcus salivarius";"Asia";"MENKVRYKLHKVKKQWVTLAVASVALATIVGGSVATSSLASAEETNNSNGSPSTTTVGENTNPVVEKEVGTTTEVANTSNATTTERAEVTADKPAGTTVQPNSGTTSDRAAAVEVEAKPETTAKPEVATKPETATTSEVAANAGVAAPTTEKSKELSEAEIKAAVSLDNIKKEKDGKYYYLLEDGSHKKNFAITVNGQVLYFDENGALSSTSTYSFTQETTNLVTDFTKNNAAYDSTKASFELVDGYLTADSWYRPKEILEAGTTWKASTEKDFRPLLMSWWPDKDTQVAYLNYMTKALSNGEETKDVFTIENSQASLNAAAQILQRKIEVKIAANKSTDWLRQSIEAFVKDQDKWNINSESPGKEHFQKGALLFVNSDSTKWANSDYRKLNQTATSYIKNHKIVNGSDGGYEFLLSNDIDNSNPVVQAEMLNQLYYFMNWGQIVFGDKDKDAHFDGIRVDAVDNVSVDMLQLVSSYMKAAYKVNESEARALANISILEAWSHNDPYYVNEHNIAALSMDNGLRLSIVHGLTRPVTNKGTGARNASMKDLINGGYFGLSNRAEVTSYDQLGFATYLFVRAHDSEVQTVIADIISKKIDPTTDGFTFTLDQLKQAFDIYNADMLKVDKEYTHSNIPAAYALMLQTMGAATRVYYGDLYTDNGQYMAKKSPYFDQITTLLKARPKYVAGGQTSYIHNLAGDGVSSAKDNKEVLVSVRYGQDLMSKTDTEGGKYGRNSGMLTLIANNPDLKLADGETITVNMGAAHKNQAYRPLLLGTEKGIVSSLNDSDTKIVKYTDAQGNLVFTADEIKGFKTVDMSGYLSVWVPVGAAEDQNVLAKPSTKAYKEGDKVYSSSAALEAQVIYEGFSNFQDFVKEDSQYTNKLIAANADLFKSWGITSFEIAPQYVSSKDGTFLDSIIENGYAFTDRYDFAMSKNNKYGSKEDLRDALKALHKQGIQVIADWVPDQLYTLPGKEVVTATRTDTHGKVLDDTSLVNKLYVTNTKSSGNDFQAQYGGAFLDKLQKLYPEIFKEVMEASGKTIDPSVKIKQWEAKYFNGTNIQKRGSDYVLSDGKLYFTVNDKGTFLPAALTGDTKAKTGFAYDGTGVTYYTTSGTQAKSQFVTYNGKQYYFNDKGYLVTGEQTIDGSNYFFLPNGVMFTDGVRKNAKGQSLVYGKSGKLTTQTGWKEVTVKDDSGKEEKFYQYFFKGGIMATGLTEVEGKEKYFYDNGYQAKGVFVPTKDGHLMFFCGDSGERKYSGFFEQDGNWYYANNKGYVATGFTKVGKQNLYFNEKGVQVKNRFFQVGDATYYANNEGDVLRGAQTINGDELYFDESGKQVKGEFVNNPDGTTSYYDAITGVKLVDTSLVVDGQTFNVDAKGVVTKAHTPGFYTTGDNNWFYADSYGRNVTGAQVINGQHLYFDANGRQVKGGFVTNTDGSRSFYHWNTGDKLVSTFFTTGHDRWYYADDRGNVVTGAQVINGQKLFFDTDGKQVKGAFATNANGSRSYYHWNTGNKLVSTFFTSGDNNWYYADAKGEVVVGEQTINGQHLYFDQTGKQVKGATATNPDGSISYYDVHTGEKAINRWVKIPSGQWVYFNAQGKGYVSN";"https://pfam.xfam.org/family/Glyco_hydro_70;https://pfam.xfam.org/family/Choline_bind_3;https://pfam.xfam.org/family/Choline_bind_1;";"https://www.ebi.ac.uk/metagenomics/genomes/MGYG-HGUT-00113";"#e6b8b3";"luteolin (quercetin/myricetin)";"https://pubchem.ncbi.nlm.nih.gov/compound/luteolin"
"10";"PGC_728";"GUT_GENOME000775_00588";"Glucosyltransferase-SI";"Glyco_hydro_70;Choline_bind_3;Choline_bind_1";"PUP genes";"Streptococcus salivarius";"Asia";"MEQKVRFKMHKVKKNWVTIGVTALSMVTVAGGTLLADQQVQADEQNPANQSSDSSQDLLQETPATTNDVATTVAPTISADANTASVAIPVADATSTTTNATDRAAASASNVATVQTNSGQAAPSTNVQPAATDTSATATDTNTNTNTNASVTATDRVATTDRAATTDTENTEAHTRSRRALVETREASTNTSTGIQWINGKQYYVNSDGSVRKNFVFEQDGKSYYFDAETGALATKSQDEFSTEPIKATVDFSSGNQLYKNDDKSLDQLDTFITADAWYRPKSILKDGKTWTASTEADKRPLLMVWWPDKSTQVNYLNYMQNQGLGAGSFSTNSSQESLDQAAKAVQTKIEERIAREGNTNWLRTSINQFIKTQPGWNSSTENSSYDHLQGGQLLFNNSKGDTGNRTSHANSDYRLLNRTPTNQTGTRKYFKDNSIGGLEFLLANDIDNSNPAVQAEQLNWLHFMMNIGSIMANDPTANFDGLRVDALDNVDADLLQIASDYFKAAYGVDKSEANAIKHLSYLEAWSANDPYYNKDTKGAQLPIDNALRNALTNLLMRDKNTRMQLGDMTAFINSSLNPRGANDKNGERMANYIFTRAHDTEAQTIIQRIIRDRINPNLFGYNFTRDEIKKAFEIYNQDIDKAHKTYASYNLPSVYALMLTNKDSVTRVYYGDLYRENGHYMAKKTPYFDAIDTLLRARIKYVAGGQDMEVKKVGNDGLLTSVRYGKGANNRTDWGTSETRTQGMGVIMTNNYDFRLGSNETVTMNMGRAHRNQLYRPLLLTTKDGIATYLNDSDVPKNLLKRTDWNGNLTFNANDVFGVENVQVSGYLGVWVPVGAKANQDARTQPSNRTNSDGQVYKSSAALDSQVMYEAFSNFQAFADDQPELYMNRVLAKNTDLLKAWGITSVGLPPQYVSSKDGTFLDSTIDNGYAFDDRYDMALSQNNKYGSLEDLLNVLRALHKDGIQAIADWVPDQIYNLPGKEVVNATRVNGYGNHQIGYQIIDQAYVANTRTDGTDYQGKYGGAFLDELKAKYPSIFNRVQISNGKQLPTNEKITKWSAKYFNGTNILGRGINYVLRDDKTNQYFNTSANGQLLPTPLRDTGAITSTQVFQRRGQDVYFLRDNQVIKNEFVQDGNGNWYYFGADGKMTKGAQNINSKDYYFFDNGVQLRNALRRANNGYTYYYGLDGAMVKNAFVDFDDKRKQVRAFTTQGTMVVGNLHWSGHHFYFDRETGIQAKDRIVRTDDGKLHYYVAETGDMGRNVFATDSSTGKRYYFDADGNTVTGSRVIDGKTYYFNQDGSVGTAYSNRADSIIFENGKARYITPAGEIGRSIFVYNPATKAWNYFDKEGNRVTGRQYIDGHLYYFKEDGSQAKGEIIEENGIKYYYEPESGILASGRYLQVGDDQWMYFKHDGSLAIGQVRADHGYLKYFDKNGIQVKGKTVVEDGKTYYYDAHSGALVTSSFAEIAPNQWSYFNTDGQALKGKWTINGKEYYFDENGIQYKGKAIKVGSRYKYYDENDGQPVTNRFAQIEPNVWAYFGADGYAVTGEQVINGQHLYFDQSGRQVKGAYVTVNGQRRYYDANTGEYVPGR";"https://pfam.xfam.org/family/Glyco_hydro_70;https://pfam.xfam.org/family/Choline_bind_3;https://pfam.xfam.org/family/Choline_bind_1;";"https://www.ebi.ac.uk/metagenomics/genomes/MGYG-HGUT-00113";"#d1bbdf";"luteolin (quercetin/myricetin)";"https://pubchem.ncbi.nlm.nih.gov/compound/luteolin"
"11";"PGC_728";"GUT_GENOME000775_00590";"Glucosyltransferase-SI";"Glyco_hydro_70;Choline_bind_3;Choline_bind_1";"PUP genes";"Streptococcus salivarius";"Asia";"MENKVRFKLHKVKKNWVTIGVTTLSMVALAGGSLLAQGKVEADETSAPNGDGLQQLSEDGTASLVTTTTVTEQASAQASVSAVATASVSHETSFQAATSAVSQEATAQAQTSPVASQEVAVSSQTQSSGQETQTTEQVSQGQTSTQVAGQTSAQSTPSVTEQARPRVLTNAAPAIATRAADSTIRINANRNTNITITASGTTPNVTIITGPNTPKPNVTVTSPNGTRPNVTIVTQPNQPNKPVQPSQPSQPNKPVQPNQPSLDYKPVASNLKTIDGKQYYVENGVVKKNAAIELDGRLYYFDETGAMVDQSKPLYRADAIPNNSIYAVYNQAYDTSSKSFEHLDNFLTADSWYRPKQILKDGKNWTASTEKDYRPLLMTWWPDKVTQVNYLNYMSQQGFGNKTYTTDMMSYDLASAAETVQRGIEERIGREGNTTWLRQLMSDFIKTQPGWNSESEDNLLVGKDHLQGGALTFLNNSTTSHANSDFRLMNRTPTNQTGTRKYHIDRSNGGYELLLANDIDNSNPAVQAEQLNWLHYIMNIGSILGNDPSANFDGVRIDAVDNVDADLLQIASDYFKEKYRMADNEANAIAHLSILEAWSYNDHQYNKDTKGAQLSIDNPLRETLLTTFLRKSNYRGSLERVITNSLNNRSSEQKHTPRDANYIFVRAHDSEVQAVLANIISKQINPKTDGFTFTMDELKQAFEIYNADMRKADKQYTQYNIPAAYATMLTNKDSITRVYYGDLFTDDGQYMAQKSPYYNAIDALLRARIKYVAGGQDMKVTKLNGYEIMSSVRYGKGAEEANQLGTAETRNQGMLVLTANRPDMKLGANDRLVVNMGAAHKNQAYRPLLLSKSTGLATYLKDADVPAGLVRYTDNQGNLTFTADDITGHSTVEVSGYLAVWVPVGASENQDARTKASTTKKGEQVFESSAALDSQVIYEGFSNFQDFVKTPSQYTNHVIAQNAKLFKEWGITSFEFAPQYVSSQDGTFLDSIIENGYAFEDRYDIAMSKNNKYGSLKDLMDALRALHAEGISAIADWVPDQIYNLPGKEVVTASRTNSYGTPRPNAEIYNSLYAAKTRTFGNVFQGKYGGAFLDELKAKYPAIFERVQISNGRKLTTNEKITQWSAKYFNGSNIQGTGARYVLQDNATNQYFSLKAGQTFLPKQMTEITATGFRRVGDKVQYLSTSGYLAKNTFIQIGANQWYYFDKNGNMVTGEQVIDGKKYFFLDNGLQLRHVLRQGSDGHVYYYDPKGVQAFNGFYDFAGPRQDVRYFDGNGQMYRGLHDMYGTTFYFDEKTGIQAKDKFIRFADGRTRYFIPDTGNLAVNRFAQNPENKAWYYLDSNGYAVTGLQTINGKQYYFDNEGRQVKGHFVTINNQRYFLDGDSGEIARSRFVTENNKWYYVDGNGKLVKGAQVINGNHYYFNNDYSQVKGAWANGRYYDGDSGQAVTNRFVQVGANKWAYLNQNGQKVVGLQHINGKLYYFEGNGVQAKGKLLTYRGKKYYFDANSGEAVTNRFIQVSRGVWYYFNASGQAVTGEQVINGQHLYFDASGRQVKGRYVWVKGQRRYYDANTGAWVRNR";"https://pfam.xfam.org/family/Glyco_hydro_70;https://pfam.xfam.org/family/Choline_bind_3;https://pfam.xfam.org/family/Choline_bind_1;";"https://www.ebi.ac.uk/metagenomics/genomes/MGYG-HGUT-00113";"#d1bbdf";"luteolin (quercetin/myricetin)";"https://pubchem.ncbi.nlm.nih.gov/compound/luteolin"
"12";"PGC_724";"GUT_GENOME000069_01166";"Glucosyltransferase-SI";"Glyco_hydro_70;Choline_bind_3";"PUP genes";"Leuconostoc mesenteroides";"Europe";"MRKKMYKAGKIWVAAAMGIVAFSVTNVAHADTPVSNNRIDTHVDGTGSINADDPQNTDKTNNPADTTKYQSDTIKVNGNDQTTVAKKDATQQATVKNANGDTTVSQSTSTITTTKSGEDSSAENLKLVGGVSGEYVTNANGKQQFILKSTGQPVTGLQTIDYSLQYFTAPNGEQVKGAYQTVGNDTYYFAAGTGNAVKGTQTIDNKLVGFDTNGKLVKNGFVTNTDGSMYYFNQDGNTLSGLQTINGKIYLFNDQGQVTKGGKTTIDGVDYYFDNVDGHATIGNQQQYTTGLATQNTDFTEHNQISSVSKQAVDNIDGFITADSWYQPKDILENGEKWVAASDKDKRPLLMTWWPDKQTEVAYINFMIDNQVLSGDKVATATVTQNQLNADTQNIQIAIEKRIYKEKSVQWLKTLMTAFRSTQANWNICSEMPGTDHLQGGALTYSNNTVTPDSNSNYRLMNRTPTSQTGVQAYFDDNSKGGYELLLANDIDNSNPVVQAEQLNWLHYLLNFGSITDNDHDANFDSIRIDAVDNVDSDLLQIAANYMKLVYGTDKNDETANKHLSILEDWSANDFKYVSDKGSDQLTMDNKVQTQLLYSLTKSPNTRATMKRFLEYYNVDRSVDNTENAAVPNYSFVRAHDSEVQTVIAQIINDFYPNAGNGLTPTAEQLKTAFEIYNADEKSATKRYAQYNLPAAYAMLLTNKDTIPRVYYGDLYTDDGQYMATKTPYYDAINTLLQDRVKYVAGGQTTQVGSWNSVTNENTNRDDVLTTVRFGKNLLNVNDTDPSVNNQRTDGIGVIVSNNDKLSLAAGEKVILHMGAAHTNQKFRAALLTTKDGLQKYLSDDGAPTLVTDNNGDLIFDNNRIYGISDPEVSGYLAVWVPVGAADNQDVRSLNEVSTAATADGKTLHSNAALDSNLIYEGFSNFQSMPTTTDEYTNVKIANNIDLFKSWGVTSFQFAPQYRSSTDTSFLDSIIQNGYAFTDRYDLGFNTPTKYGTAQQLRDAIKAVHSVGIQAMADWVPDQIYNLPTEEAVTATRTDSAGVAKTDSKFNNLVYITNTKSSGRDYQSIYGGAYLDTLKKLYPSLFTTKQISTGEPINGDVKIKSWSAKYMNGTNILGRGAYYVLKDWATNQYFNVNTANTAFLPKQLTNQIAVTGFVSDAKGVSYYSFSGYKAKNTFIEDDKGNWYYFDNNGYMVTGEQTIDGMDYYFLENGVELRNHEWTDAKGLKRFSATTGQSIKNVAVEKNSANQYVYQTDSNIVADGFLQNNGQWYWFENGKLYTGFQNYLGNMFYFQNGVKLTNQWISKWGNQYYVDYDGKTVQGLRTIDGVTYDFGTNNTYNEKGTVSGYLNIDNNGYRWYESGKLYTGFRYYTGTYYYFENGVRQENKWETAWGMKYYVGSDGRAVQGIQIIDGQAYDFGTNGTFNLKNQPTGYYNDGNTWKWYEKGRTYTGIRFYMGAYYYFKDGVRQNNQWVHEWGNTYYVGNDGRTVQGWYTIAGKSYNFGNNGTYYLR";"https://pfam.xfam.org/family/Glyco_hydro_70;https://pfam.xfam.org/family/Choline_bind_3;";"https://www.ebi.ac.uk/metagenomics/genomes/MGYG-HGUT-01341";"#d1bbdf";"luteolin (quercetin/myricetin)";"https://pubchem.ncbi.nlm.nih.gov/compound/luteolin"
"13";"PGC_724";"GUT_GENOME000069_01168";"Glucosyltransferase-SI";"Glyco_hydro_70;Choline_bind_3";"PUP genes";"Leuconostoc mesenteroides";"Europe";"MRKRMYKAGKSWVVATATFATAAMVSLGHASANDVTVTQNNAAAQAALATTNTNTTSDKAVQNITPGTATADNTAKDIDTTADNVLKNQYKENSNGSWFYYDNNGQIVKGLQTINGNIQYFDPKTGEQVKGQTLTIDGIVYTFDKDSGNGSKTEVAVANLPKNGSYTTNDGSNWQYQDATKNTIKGLYSDNGSLRYFNGSDGTQSKGAVVNVNNNAYYFDKDSGNGELVSSVTSGQYGTIQLNNKTVWVYRNGDGEIVKGLQNINGNIQYFDPTTGEQVKGGIATVNGVTYYFEPGDGNLVGTVDNGLVNVNGRIQYFDPATKEQAKNKQVSVNNVTYYFDDNGNGEYLFTNVTSTNTPDAYSSHTQVYDTDKSTFTNVVDGFLTADSWYRPKEVIGDETGSTWKTSSENDYRPILTVWWPNKNIEVSYLKLMQDNDLLSKQTQFTIFSDQNTLNEAAQAAQNEIEKRIYREKSTDWLKDLLFASHGETPSFVKQQFIWNKDSEYEGPGSVVNGSWALQGGYLKYIDSPETSWADSNARDHDYFEYLLGNDIDNSNPQVMAEDINWLYYLMNFGSLTGNDDTANFDGVRMDAVIYMKGEASTKVYQFLQESDNLTKNEKTANEHISIVEDGTDETKKNNSALIVSQWNDDIKNSLAKPSNEANEPLSNLLLTDNKTGVNYLNNSSIESNVVPNYSMIRSHDRGSQDEVIAAAKVANNDQRISLDNINLEQLEKGLKYYYEDQLSSTKHYNYYNIPASYALLLSNKDTVPRVYYSDMYQDYNQNSPQQYMSKPTIYYSAIDALLKARIKYVAGGQSMSVAKVGNEQNQEVLTSVRYGKNIMNSNDLGTTESRTEGMGVIVSNDTDLKLSNSDQIVLHMGAAHSNQAYQALMLTNNDGIQIYNSNAPVVWTNQNGDLVFEGNDIQGQEHTAIKGYLNPQVAGYFAVWVPVGASETQDARTDASTDAITDGKVFHSNAALDSNVMYEGFSNFQPITTNHNEFTNVKIAENVDLFKSWGITSFELAPQYRSADVNDLVGATFVDVVTKNGYGLSDRYDLGFDTPTKYGTDSDLRNAISSLHEQGIQSMADFVANQIYALNDEKEVVTAQRTDMFSNTLNNGFGTELYVVNSVGGGAYQNKYGGKYLEEINKLYPDLFKDKNGNTIDTNTKIKQWSAKYMNGTNVLGRGMGYVLKDWNTGTYFKLDGEHTILPTELEMKSQWIANADGTYSYYDQKISSLLVGNQIVDGQYVYFDKNGVQVKGKWAQNNDGTWAYYDANKGDRVVGDQYIDNHYIRAQDHSVNASGYLFDNATDQWAWFEDGQKYTGFRYYMGAYYYFKDGVRQENSFETAWGNTYYVGSDGRTVQGKQVIGDQLYDFGTNGTFNLKSRPSGYLNLDNGYKWYENGQKYTGFRYHMDAYYFFKDGIRQENSFETAWGKTYYVGNDGRTVQGIQTIDGKQYYFGNDNTFYLRTNAIQKVGDQTFKSNDNGMLEPWIGYIYDGSATNGGYRWYENGQLFTGFRYYVGSYYWFVNGVRQNAGWHGAWGHMYYTDKNGRAVQGIQRNIPDVDGIYRTNASYNFGNDGTYYLR";"https://pfam.xfam.org/family/Glyco_hydro_70;https://pfam.xfam.org/family/Choline_bind_3;";"https://www.ebi.ac.uk/metagenomics/genomes/MGYG-HGUT-01341";"#d1bbdf";"luteolin (quercetin/myricetin)";"https://pubchem.ncbi.nlm.nih.gov/compound/luteolin"
"14";"PGC_684";"GUT_GENOME001051_00665";"Glucosyltransferase-SI";"Glyco_hydro_70;Choline_bind_3;Choline_bind_1";"PUP genes";"Streptococcus salivarius";"Asia";"MGKKVHYKLHKVKKQWVTIAVTSAALASIVGGATVANQKVSADETTQPVASTTAESDVVVETHEVAAPAATATTDATATTTDKAADTATVETPAAATTAADTTTNIATPATTDRAAVANGATTETPAAAATDTTLTVAEKPKSGVTEKEETAALSLDNIKQVDGKYYYVKEDGSYKTNFAVSVNGQLLYFGKDGALTSTSTHSFTPGTTNLVDAFSSHNRAYDSKKESFELVDGYLTPNSWYRPVTILENGEKWRVSTEKDFRPLLMAWWPDVDTQVAYLNTFSKHFNLNATYSTSQSQSELNAAAKTIQIKIEQEISAKKSTEWLRQAIESFVKEQDQWNTTTENYTLADHLQGGALLYVNNDKTPWANSDYRLLNRTPSNQDGSLNGTGRYLGGYEFLLANDVDNSNPVVQAEQLNQIHYLVNWGSIVMGDKDANFDGIRVDAVDNVDADLLQVYTNYFRAAFGVDKSEANALAHISILEAWDLNDNAYNQKHDGAALAMDNNLRYAIMGALYGSGSSLKDLITSSLTDRTNNSKYGDTQANYIFARAHDNLVQDIIRDIVQKEINPKSDGYTMTDAELKRAFEIYNEDMKKAEKRYTINNIPAAYALILQNMEQVTRVYYGDLYTDNGQYMATKSPYYDAITTLLKNRMKYVSGGQSMKVDTFNGKEILSSVRYGKDIMTADQTTGVAETSKHSGMLTLIANNQDFSLGDGTLKVNMGKLHANQAYRPLLLGTDKGIVTYENDAAAAGKIKYTDAEGNLTFSGDEIKGYRTVDMRGYLGVWVPVGAPDNQDIRVKGSDKKLDKTFSATEALDSQVIYEGFSNFQDFVEKDSQYTNKLIAENAELFKSWGITSFEMAPQFVSADDRTFLDSVIQNGYAFTDRYDLAMSKNNKYGSKEDLRDALKALHKQGIQAIADWVPDQLYQLPGQEVVTATRANSYGTPKANAYINNTLYVANSKSSGKDFQAQYGGEFLDELQKKYPQLFEDVMISTGKKIDPSVKIKQWSAKYMNGTNILGRGNRYVLSNDATGRYYQVTDNGIFLPKPLTDQGGKTGFYYDGKGMAYFDNSGFQAKNAFIKYAGNYYYFDKEGYMLTGRQDIDGKTYFFLPNGVQLRDSIYQQDGKYYYFGSFGEQYKDGYFVFDVPKEGTSETEAKFRYFSPTGEMAVGLTYAGGGLQYFDENGFQAKGTKYVTPDGKLYFFDKNSGNAYTNRWAEIDGIWYEFNDQGYAQAKKGEFYTTDGSTWFYRDAAGKNVTGALTLDGHEYYFRANGAQVKGEFVTENGKISYYTVDNGYKVKDKFFEVNGKWYHADKDGNLATGRQTIDHLNYYFNADGSQVKSDFFTLDGGKTWYYAKDNGEIVTGAYSIGGKNYYFKEDGSQVKGDFVKNADGSLSYYDKDSGERLNNRFLTTGNNVWYYFKDGKAVTGRQNIDGKEYYFDHLGRQVKGSPISTPKGVEYYESVLGERVTNTWITFQDGKTVFFDENGYADFDK";"https://pfam.xfam.org/family/Glyco_hydro_70;https://pfam.xfam.org/family/Choline_bind_3;https://pfam.xfam.org/family/Choline_bind_1;";"https://www.ebi.ac.uk/metagenomics/genomes/MGYG-HGUT-00113";"#d1bbdf";"luteolin (quercetin/myricetin)";"https://pubchem.ncbi.nlm.nih.gov/compound/luteolin"
"15";"PGC_684";"GUT_GENOME001051_00666";"Glucosyltransferase-SI";"Glyco_hydro_70;Choline_bind_3;Choline_bind_1";"PUP genes";"Streptococcus salivarius";"Asia";"MENKIHYKLHKVKKQWVTIAVASVALATVLGGLSVTTSSVSADETQDKTVTQSNSGTTASLVTSPEATKEADKRTNTKEADVLTPAKETNAVETATTTNTQATAEAATTADVAVAAVPNKEAVVTTDALAVTTEKAEEQPATVKAEVVNTEVKAPEAALKDSEVEAALSLKNIKNIDGRYYYVNEDGSHKENFAITVNGQLLYFGKDGALTSSSTYSFTPGTTNIVDGFSINNRAYDSSEASFELIDGYLTADSWYRPASIIKDGVTWQASTAEDFRPLLMAWWPNVDTQVNYLNYMSKVFNLDAKYTSTDKQETLKVAAKDIQIKIEQKIQAEKSTQWLRETISAFVKTQPQWNKETENYSKGGGEDHLQGGALLYVNDSRTPWANSDYRRLNRTATNQTGTIDKSILDEQSDPNHMGGFDFLLANDVDLSNPVVQAEQLNQIHYLMNWGSIVMGDKDANFDGIRVDAVDNVDADMLQLYTNYFREYYGVNKSEANALAHISVLEAWSLNDNHYNDKTDGAALAMENKQRLALLFSLAKPIKERTPAVSPLYNNTFNTTQRDEKTDWINKDGSKAYNEDGTVKQSTIGKYNEKYGDASGNYVFIRAHDNNVQDIIAEIIKKEINPKSDGFTITDAEMKQAFEIYNKDMLSSDKKYTLNNIPAAYAVMLQNMETITRVYYGDLYTDDGHYMETKSPYYDTIVNLMKSRIKYVSGGQAQRSYWLPTDGKMDNSDVELYRTNEVYTSVRYGKDIMTANDTEGSKYSRTSGQVTLVANNPKLTLDQSAKLNVEMGKIHANQKYRALIVGTADGIKNFTSDADAIAAGYVKETDSNGVLTFGANDIKGYETFDMSGFVAVWVPVGASDNQDIRVAPSTEAKKEGELTLKATEAYDSQLIYEGFSNFQTIPDGSDPSVYTNRKIAENVDLFKSWGVTSFEMAPQFVSADDGTFLDSVIQNGYAFADRYDLAMSKNNKYGSKEDLRDALKALHKAGIQAIADWVPDQIYQLPGKEVVTATRTDGAGRKIADAIIDHSLYVANSKSSGKDYQAKYGGEFLAELKAKYPEMFKVNMISTGKPIDDSVKLKQWKAEYFNGTNVLERGVGYVLSDEATGKYFTVTKDGNFIPLQLTGNEKVVTGFSNDGKGITYFGTSGTQAKSAFVTFNGNTYYFDARGHMVTNGEYSPNGKDVYRFLPNGIMLSNAFYVDTNGNTYLYNSKGQMYKGGYTKFDVTETDKDGKESKVVKFRYFTNEGVMAKGVTVIDGFTQYFGEDGFQAKDKLVTFKGKTYYFDAHTGNAIKNTWRNIDGKWYHFDANGVAATGSQVINGQKLYFNEDGSQVKGGVVKNADGTYSKYKEGSGELVTNEFFTTDGNVWYYAGANGKTVTGAQVINGQHLYFNADGSQVKGGVVKNADGTYSKYDAATGERLANEFFTTGDNNWYYIGANGKTVTGEVKIGDDTYYFAKDGKQVKGQTVSAGNGRISYYYGDSGKRAVSTWVEIQPGVYVYFDKNGLAYPPRVLN";"https://pfam.xfam.org/family/Glyco_hydro_70;https://pfam.xfam.org/family/Choline_bind_3;https://pfam.xfam.org/family/Choline_bind_1;";"https://www.ebi.ac.uk/metagenomics/genomes/MGYG-HGUT-00113";"#d1bbdf";"luteolin (quercetin/myricetin)";"https://pubchem.ncbi.nlm.nih.gov/compound/luteolin"
"16";"PGC_684";"GUT_GENOME001051_00667";"Glucosyltransferase-SI";"Glyco_hydro_70;Choline_bind_3;Choline_bind_1";"PUP genes";"Streptococcus salivarius";"Asia";"MENKVRYKLHKVKKQWVTLAVASAALATIVGGSVATSSLASAEEINNTNGSPSTTTIGENTNPVVEKEVGTTTEVANTSNATTTERAAVTADKPAETTVQPNSGTTSDRAAAVEVEAKPETTAKPEVAAKPETATTSEVATNAGVAAPTTDKSKELSEAEIKAAVSLDNIKKEKDGKYYYLLEDGSHKKNFAITVNGQVLYFDENGALSSTSTYSFTQETTNLVTDFTKNNAAYDSTKASFELVDGYLTADSWYRPKEILEAGTTWKASTEKDFRPLLMSWWPDKDTQVAYLNYMTKALSNGEETKDVFTIENSQASLNAAAQIIQRKIEVKIAANKSTDWLRQSIEAFVKDQDKWNINSESPGKEHFQKGALLFVNSDLTKWANSDYRKLDQTATSRLPKDKIKSGSDAGYEFLLSSDIDNSNPIVQAEMLNQLYYFMNWGQIVFGDKDKDAHFDGIRVDAVDNVSIDMLQLVSSYMKAAYKVNESEARALANISILEAWSQNDPYYVDEHNTAALSMDNGLRLSIVHGLTRPVTNKGTGARNASMKDLINGGYFGLSNRAEVTSYDQLGFATYLFVRAHDSEVQTVIADIISKKIDPTTDGFTFTLDQLKQAFDIYNADMLKVDKEYTHSNIPAAYALMLQTMGAATRVYYGDLYTDNGQYMAKKSPYFDQITTLLKARPKYVAGGQTSYIHNLAGDGVSSAKDNKEVLVSVRYGQDLMSKTDTEGGKYGRNSGMLTLIANNPDLKLADGETITVNMGAAHKNQAYRPLLLGTDKGIVSSLNDSDTKVVKYTDAQGNLVFTADEIKGFKTVDMSGYLSVWVPVGATDDQNVLAKPSTKVYKEGDKVYSSSAALEAQVIYEGFSNFQDFVKEDSQYTNKLIAANADLFKSWGITSFEIAPQYVSSKDGTFLDSIIENGYAFTDRYDFAMSKNNKYGSKEDLRDALKALHKQGIQVIADWVPDQLYTLPGKEVVTATRTDTHGKVLDDTSLVNKLYVTNTKSSGNDFQAQYGGAFLDKLQKLYPEIFKEVMEASGKTIDPSVKIKQWEAKYFNGTNIQKRGSDYVLSDGKLYFTVNDKGTFLPAALTGDTKAKTGFAYDGTGVTYYTTSGTQAKSQFVTYNGKQYYFNDKGYLVTGEQAIDGSNYFFLPNGVMFTDGVIKNAKGQSLVYGKSGKLTTQTGWKEVTVKDDSGKEEKFYQYFFKGGIMATGLTEVEGKEKYFYDNGYQAKGIFIPTKDGHLMFFCGDSGERKYSGFFEQDGNWYYANDKGYVATGFTKVGKQNLYFNEKGVQVKNRFFQVGDATYYANNEGDVLRGAQTINGDELYFDESGKQVKGEFVNNPDGTTSYYDAITGVKLVDTSLVVNGQTFNIDAKGVVTKAHTPGFYTTGDNNWFYADSHGRNVTGAQIINGQHLYFDANGRQVKGGFVMNTDGSRSFYHWNTGDKLVSTFFTTGHDRWYYADDKGNVVTGAQVINGQKLFFATDGKQVKGDFATNANGSRSYYHGATGNKLVSTFFTTGDNNWYYADAKGELVVGEQTINGQNLYFDQTGKQVKGATAANPDGSISYYDVHTGEKAINRWVKIPSGQWVYFNAQGKGYVSN";"https://pfam.xfam.org/family/Glyco_hydro_70;https://pfam.xfam.org/family/Choline_bind_3;https://pfam.xfam.org/family/Choline_bind_1;";"https://www.ebi.ac.uk/metagenomics/genomes/MGYG-HGUT-00113";"#d1bbdf";"luteolin (quercetin/myricetin)";"https://pubchem.ncbi.nlm.nih.gov/compound/luteolin"
"17";"PGC_680";"GUT_GENOME000571_00323";"Glucosyltransferase-SI";"Glyco_hydro_70;Choline_bind_3;Choline_bind_1";"PUP genes";"Streptococcus salivarius";"North America";"MGKKVHYKLHKVKKQWVTIAVTSAALASIVGGATVANQKVSADETTQPVASTTAESDVVVETHEVAAPAATATTDATATTTDKAADTATVETPAAATTAADTTTNTATPATTDRAAVANGATTETPVAAATDTTLTVAEKPKSGVTEKEETAALSLDNIKQVDGKYYYVKEDGSYKTNFAVSVNGQLLYFGKDGALTSTSTHSFTPGTTNLVDAFSSHNRAYDSKKESFELVDGYLTPNSWYRPVTILENGEKWRVSTEKDFRPLLMAWWPDVDTQVAYLNTFSKHFNLNATYSTSQSQSELNAAAKTIQIKIEQEISAKKSTEWLRQAIESFVKEQDQWNTTTENYTLADHLQGGALLYVNNDKTPWANSDYRLLNRTPSNQDGSLNGTGRYLGGYEFLLANDVDNSNPVVQAEQLNQIHYLVNWGSIVMGDKDANFDGIRVDAVDNVDADLLQVYTNYFRAAFGVDKSEANALAHISILEAWDLNDNAYNQKHDGAALAMDNNLRYAIMGALYGSGSSLKDLITSSLTDRTNNSKYGDTQANYIFARAHDNLVQDIIRDIVQKEINPKSDGYTMTDAELKRAFEIYNEDMKKAEKRYTINNIPAAYALILQNMEQVTRVYYGDLYTDNGQYMATKSPYYDAITTLLKNRMKYVSGGQSMKVDTFNGKEILSSVRYGKDIMTADQTTGVAETSKHSGMLTLIANNQDFSLGDGTLKVNMGKLHANQAYRPLLLGTDKGIVTYENDAAAAGKIKYTDAEGNLTFSGDEIKGYRTVDMRGYLGVWVPVGAPDNQDIRVKGSDKKLDKIFSATEALDSQVIYEGFSNFQDFVEKDSQYTNKLIAENAELFKSWGITSFEMAPQFVSADDRTFLDSVIQNGYAFTDRYDLAMSKNNKYGSKEDLRDALKALHKQGIQAIADWVPDQLYQLPGQEVVTATRANSYGTPKANAYINNTLYVANSKSSGKDFQAQYGGEFLDELQKKYPQLFEDVMISTGKKIDPSVKIKQWSAKYMNGTNILGRGSRYVLSNDATGRYYQVTDNGIFLPKPLTDQGGKTGFYYDGKGMAYFDNSGFQAKNAFIKYAGNYYYFDKEGYMLTGRQDIDGKTYFFLPNGIQLRDSIYQQDGKYYYFGSFGEQYKDGYFVFDVPKEGTSETEAKFRYFSPTGEMAVGLTHAGGGLQYFDENGFQAKGTKYVTPDGKLYFFDKNSGNAYTNRWAEIDGIWYEFNDQGYAQAKKGEFYTTDGSTWFYRDAAGKNVTGALTLDGHEYYFRANGAQVKGEFVTENGKISYYTVDNGYKVKDKFFEVNGKWYHADKDGNLATGRQTIDHLNYYFNADGSQVKSDFFTLDGGKTWYYAKDNGEIVTGAYSIGGKNYYFKEDGSQVKGDFVKNADGSLSYYDKDSGERINNRFLTTGNNVWYYFKDGKAVTGRQNIDGKEYYFDHLGRQVKGSPISTPKGVEYYESVLGERVTNTWITFQDGKTVFFDENGYADFDK";"https://pfam.xfam.org/family/Glyco_hydro_70;https://pfam.xfam.org/family/Choline_bind_3;https://pfam.xfam.org/family/Choline_bind_1;";"https://www.ebi.ac.uk/metagenomics/genomes/MGYG-HGUT-00113";"#a7d6ca";"luteolin (quercetin/myricetin)";"https://pubchem.ncbi.nlm.nih.gov/compound/luteolin"
"18";"PGC_680";"GUT_GENOME000571_00324";"Glucosyltransferase-SI";"Glyco_hydro_70;Choline_bind_3;Choline_bind_1";"PUP genes";"Streptococcus salivarius";"North America";"MENKVHYKLHKVKKQWVTIAVASAALATVVGGLSATTSSVSADETQVKTVTQPNSDTTADLVTSTEATKEVDKRTNTKEADVLTPAKETNAAETATTTNTQATAEAATTATTADVAVAAVPNKEAVVTTDAPAVTTEKAEEQPATVKAEVVNTEVKAPQAALKDSEVEAALSLKNIKYTDGKYYYVNEDGSHKENFAITVNGQLLYFGKDGALTSSSTHSFTPGTTNIVDGFSINNRAYDSSEASFELINGYLTADSWYRPVSIIKDGVTWQASTAEDFRPLLMAWWPNVDTQVNYLNYMSKVFNLEAKYTSTDKQADLNRAAKDIQVKIEQKIQAEKSTQWLRETISAFVKTQPQWNKETENYSKGGGEDHLQGGALLYVNDSRTPWANSNYRLLNRTATNQTGTINKSVLDEQSDPNHMGGFDFLLANDVDLSNPVVQAEQLNQIHYLMNWGSIVMGDKDANFDGIRVDAVDNVNADMLQLYTNYFREYYGVNKSEAQALAHISVLEAWSLNDNHYNDKTDGAALAMENKQRLALLFSLAKPIKDRTPAVSPLYNNTFNTTQRDFKTDWINKDGSTAYNEDGTAKQSTIGKYNEKYGDASGNYVFIRAHDNNVQDIIAEIIKKEINPKSDGFTITDAEMKKAFEIYNKDMLSSDKKYTLNNIPAAYAVMLQNMETITRVYYGDLYTDDGHYMETKSPYHDTIVNLMKNRIKYVSGGQAQRSYWLPTDGKMDNSDVELYRTSEVYTSVRYGKDIMTADDTEGSKYSRTSGQVTLVVNNPKLTLHESAKLNVEMGKIHANQKYRALIVGTADGIKNFTSDAEAIAAGYVKETDSNGVLTFGANDIKGYETFDMSGFVAVWVPVGASDDQDIRVAPSTEAKKEGELTLKATEAYDSQLIYEGFSNFQTIPDGSDPSVYTNRKIAENVDLFKSWGVTSFEMAPQFVSADDGTFLDSVIQNGYAFADRYDLAMSKNNKYGSKEDLRDALKALHKAGIQAIADWVPDQIYQLPGKEVVTATRTDGAGRKIADAIIDHSLYVANSKSSGRDYQAQYGGEFLAELKAKYPKMFTENMISTGKPIDDSVKLKQWKAKYFNGTNVLDRGVGYVLSDEATGKYFTVTKEGNFIPLQLTGNEKAVTGFSNDGKGITYFGTSGNQAKSAFVTFNGNTYYFDARGHMVTNGEYSPNGKDVYRFLPNGIMLSNAFYVDANGNTYLYNYKGQMYKGGYTKFDVTETDKDGNESKVVKFRYFTNEGVMAKGLTVIDGSTQYFGEDGFQTKDKLATYKGKTYYFEAHTGNAIKNTWRNIDGKWYHFDENGVAATGAQVINGQKLYFNEDGSQVKGGVVKNADGTYSKYKEGSGELVTNEFFTTDGNVWYYAGANGKTVTGAQVINGQHLYFNADGSQVKGGIVKNADGTYSKYDAATGERLTNEFFTTGDNNWYYIGANGKSVTGEVKIGDDTYYFAKDGKQVKGQTVSAGNGRISYYYGDSGKRAVSTWVEIQPGVYVYFDKNGLAYPPRVLN";"https://pfam.xfam.org/family/Glyco_hydro_70;https://pfam.xfam.org/family/Choline_bind_3;https://pfam.xfam.org/family/Choline_bind_1;";"https://www.ebi.ac.uk/metagenomics/genomes/MGYG-HGUT-00113";"#a7d6ca";"luteolin (quercetin/myricetin)";"https://pubchem.ncbi.nlm.nih.gov/compound/luteolin"
"19";"PGC_680";"GUT_GENOME000571_00325";"Glucosyltransferase-SI";"Glyco_hydro_70;Choline_bind_3;Choline_bind_1";"PUP genes";"Streptococcus salivarius";"North America";"MENKVRYKLHKVKKQWVTLAVASAALATIVGGSVATSSLTSAEEINNTNGSPSTTTVGENTNPVVEKEVGTTTEVGNTSNATTTERAAVTADKPAETTVQPNSGTTSDRAAAVEVEAKPETTAKPEVAAKPETATTSEVAANAGVAAPTAEKSKELSEAEIKAAVSLDNIKKEKDGKYYYLLEDGSHKKNFAITVNGQLLYFDENGALSSTSTYSFTQETTNLVTDFTKNNAAYDSTKASFELVDGYLTADSWYRPKEILEAGTTWKASTEKDFRPLLMAWWPDKDTQVAYLNYMTKALSNGEETKDVFTIENSQASLNAAAQIIQRKIEVKIAANKSTDWLRQSIEAFVKEQDKWNINSESPGKEHFQKGALLFVNSDLTKWANSDYRKLDQTATSRLAKDKIKSGSDAGYEFLLSSDIDNSNPIVQAEMLNQLYYFMNWGQIVFGDKDKDAHFDGIRVDAVDNVSIDMLQLVSSYMKAAYKVNESEARALANISILEAWSQNDPYYVDEHNTAALSMDNGLRLSIVHGLTRPVTNKGTGARNASMKDLINGGYFGLSNRAEVTSYDQLGFATYLFVRAHDSEVQTVIADIISKKIDPTTDGFTFTLDQLKQAFDIYNADMLKVDKEYTHSNIPAAYALMLQTMGAATRVYYGDLYTDNGQYMAKKSPYFDQITTLLKARSKYVAGGQTSYIHNLAGDGVSSAKDNKEVLVSVRYGQDLMSKTDTEGGKYGRNSGMLTLIANNPDLKLADGETITVNMGAAHKNQAYRPLLLGTEKGIVSSLNDSDTKIVKYTDAQGNLVFTADEIKGFKTVDMSGYLSVWVPVGATEDQNVLAKPSTKAYKEGDKVYSSSAALEAQVIYEGFSNFQDFVKEDSQYTNKLIAANADLFKSWGITSFEIAPQYVSSKDGTFLDSIIENGYAFTDRYDFAMSKNNKYGSKEDLRDALKALHKQGIQVIADWVPDQLYTLPGKEVVTATRTDTHGKVLDDTSLVNKLYVTNTKSSGNDFQAQYGGAFLDKLQKLYPEIFKEVMEASGKTIDPSVKIKQWEAKYFNGTNIQKRGSDYVLSDGKLYFTVNDKGTFLPAALTGDTKAKTGFAYDGTGVTYYTTSGTQAKSQFVTYNGKQYYFNDKGYLVTGEQTIDGSNYFFLPNGVMFTDGVRKNAKGQSLVYGKSGKLTTQTGWKEVTVKDDSGKEEKFYQYFFKGGIMATGLTEVEGKEKYFYDNGYQAKGIFIPTKDGHLMFFCGDSGERKYSGFFEQDDNWYYANDKGYVATGFTKVGKQNLYFNEKGVQVKNRFFQVGDATYYANNEGDVLRGAQTINGDELYFDESGKQVKGEFVNNPDGTTSYYDAITGVKLVDTSLVVNGQTFNIDAKGVVTKAHTPGFYTTGDNNWFYADSHGRNVTGAQVINGQHLYFDANGRQVKGGFVMNTDGSRSFYHWNTGDKLVSTFFTTGHDRWYYADDKGNVVTGAQVINGQKLFFATDGKQVKGDFATNANGSRSYYHGATGNKLVSTFFTTGDNNWYYADAKGELVVGEQTINGQNLYFDQTGKQVKGATAANPDGSISYYDVHTGEKAINRWVKIPSGQWVYFNAQGKGYVSN";"https://pfam.xfam.org/family/Glyco_hydro_70;https://pfam.xfam.org/family/Choline_bind_3;https://pfam.xfam.org/family/Choline_bind_1;";"https://www.ebi.ac.uk/metagenomics/genomes/MGYG-HGUT-00113";"#a7d6ca";"luteolin (quercetin/myricetin)";"https://pubchem.ncbi.nlm.nih.gov/compound/luteolin"
"20";"PGC_27";"GUT_GENOME001129_00515";"Glucosyltransferase-SI";"Glyco_hydro_70;Choline_bind_3;Choline_bind_1";"PUP genes";"Streptococcus salivarius";"Asia";"MENKIHYKLHKVKKQWVTIAVASVALATVLGGLSVTTSSVSADETQDKTVTQSNSGTTASLVTSPEATKEADKRTNTKEADVLTPAKETNAVETATTTNTQATAEAATTATTADVAVAAVPNKEAVVTTDAPAVTTEKAEEQPATVKAEVVNTEVKAPEAALKDSEVEAALSLKNIKNIDGKYYYVNEDGSHKENFAITVNGQLLYFGKDGALTSSSTYSFTPGTTNIVDGFSINNRAYDSSEASFELIDGYLTADSWYRPASIIKDGVTWQASTAEDFRPLLMAWWPNVDTQVNYLNYMSKVFNLDAKYSSTDKQETLKVAAKDIQIKIEQKIQAEKSTQWLRETISAFVKTQPQWNKETENYSKGGGEDHLQGGALLYVNDSRTPWANSDYRRLNRTATNQTGTIDKSILDEQSDPNHMGGFDFLLANDVDLSNPVVQAEQLNQIHYLMNWGSIVMGDKDANFDGIRVDAVDNVDADMLQLYTNYFREYYGVNKSEANALAHISVLEAWSLNDNHYNDKTDGAALAMENKQRLALLFSLAKPIKERTPAVSPLYNNTFNTTQRDVKTDWINKDGSKAYNEDGTVKQSTIGKYNEKYGDASGNYVFIRAHDNNVQDIIAEIIKKEINPKSDGFTITDAEMKQAFEIYNKDMLSSDKKYTLNNIPAAYAVMLQNMETITRVYYGDLYTDNGHYMETKSPYYDTIVNLMKSRIKYVSGGQAQRSYWLPTDGKMDNSDVELYRTNEVYTSVRYGKDIMTADDTEGSKYSRTSGQVTLVVNNPKLTLDQSAKLNVEMGKIHANQKYRALIVGTADGIKNFTSDADAIAAGYVKETDSNGVLTFGANDIKGYETFDMSGFVAVWVPVGASDDQDIRVAPSTEAKKDGELTLKATEAYDSQLIYEGFSNFQTIPDGSDPSVYTNRKIAENVDLFKSWGVTSFEMAPQFVSADDGTFLDSVIQNGYAFADRYDLAMSKNNKYGSKEDLRDALKALHKAGIQAIADWVPDQIYQLPGKEVVTATRTDGAGRTIADAIIDHSLYVANSKSSGKDYQAKYGGEFLAELKAKYPEMFKVNMISTGKPIDDSVKLKQWKAEYFNGTNVLERGVGYVLSDEATGKYFTVTKEGNFIPLQLTGKEKVITGFSSDGKGITYFGTSGTQAKSAFVTFNGNTYYFDARGHMVTNSEYSPNGKDVYRFLPNGIMLSNAFYIDANGNTYLYNSKGQMYKGGYTKFDVSETDKDGKESKVVKFRYFTNEGVMVKGVTVIDGFTQYFGEDGFQAKDKLVTFKGKTYYFDAHTGNAIKDTWRNINGKWYYFDANGVAATGAQVINGQKLYFNEDGSQVKGGVVKNADGTYSKYKEGSGELVTNEFFTTDGNVWYYAGANGKTVTGAQVINGQHLYFNADGSQVKGGVVKNADGTYSKYNASTGERLTNEFFTTGDNNWYYIGANGKSVTGEVKIGDDTYFFAKDGKQVKGQTVSAGNGRISYYYGDSGKRAVSTWIEIQPGVYVYFDKNGIAYPPRVLN";"https://pfam.xfam.org/family/Glyco_hydro_70;https://pfam.xfam.org/family/Choline_bind_3;https://pfam.xfam.org/family/Choline_bind_1;";"https://www.ebi.ac.uk/metagenomics/genomes/MGYG-HGUT-00113";"#cfd4b1";"luteolin (quercetin/myricetin)";"https://pubchem.ncbi.nlm.nih.gov/compound/luteolin"
"21";"PGC_27";"GUT_GENOME001129_00516";"Glucosyltransferase-SI";"Glyco_hydro_70;Choline_bind_3;Choline_bind_1";"PUP genes";"Streptococcus salivarius";"Asia";"MENKVRYKLHKVKKQWVTLAVASVALATIVGGSVATSSLASAEETNNSNGSPSTTTVGENTNPVVEKEVGTTTEVANTSNATTTERAEVTAEKPAGTTVQPNSGTTSDRAAAVEVEAKPETTAKPEVATKPETATTSEVAANAGVAAPTTEKSKELSEAEIKAAVSLDNIKKEKDGKYYYLLEDGSHKKNFAITVNGQVLYFDENGALSSTSTYSFTQETTNLVTDFTKNNAAYDSTKASFELVDGYLTADSWYRPKEILEAGTTWKASTEKDFRPLLMSWWPDKDTQVAYLNYMTKALSNGEETKDVFTIENSQTSLNAAAQILQRKIEVKIAANKSTDWLRQSIEAFVKDQDKWNINSESPGKEHFQKGALLFVNSDSTKWANSDYRKLNQTATSYIKNHKIVNGSDGGYEFLLSNDIDNSNPVVQAEMLNQLYYFMNWGQIVFGDKDKDAHFDGIRVDAVDNVSVDMLQLVSSYMKAAYKVNESEARALANISILEAWSQNDPYYVNEHNTAALSMDNGLRLSIVHGLTRPVTNKGTGARNASMKDLINGGYFGLSNRAEVTSYDQLGFATYLFVRAHDSEVQTVIADIISKKIDPTTDGFTFTLDQLKQAFDIYNADMLKVDKEYTHSNIPAAYALMLQTMGAATRVYYGDLYTDNGQYMAKKSPYFDQITTLLKARPKYVAGGQTSYIHNLAGDGVSSAKDNKEVLVSVRYGQDLMSKTDTEGGKYGRNSGMLTLIANNPDLKLADGETITVNMGAAHKNQAYRPLLLGTEKGIVSSLNDSDTKIVKYTDAQGNLVFTADEIKGFKTVDMSGYLSVWVPVGAAEDQNVLAKPSTKAYKEGDKVYSSSAALEAQVIYEGFSNFQDFVKEDSQYTNKLIAANADLFKSWGITSFEIAPQYVSSKDGTFLDSIIENGYAFTDRYDFAMSKNNKYGSKEDLRDALKALHKQGIQVIADWVPDQLYTLPGKEVVTATRTDTHGKVLDDTSLVNKLYVTNTKSSGNDFQAQYGGAFLDKLQKLYPEIFKEVMEASGKTIDPSVKIKQWEAKYFNGTNIQKRGSDYVLSDGKLYFTVNDKGTFLPAALTGDTKAKTGFAYDGTGVTYYTTSGTQAKSQFVTYNGKQYYFNDKGYLVTGEQTIDGSNYFFLPNGVMFTDGVRKNAKGQSLVYGKSGKLTTQTGWKEVTVKDDSGKEEKFYQYFFKGGIMATGLTEVEGKEKYFYDNGYQAKGVFVPTKDGHLMFFCGDSGERKYSGFFEQDGNWYYANNKGYVATGFTKVGKQNLYFNEKGVQVKNRFFQVGDATYYANNEGDVLRGAQTINGDELYFDESGKQVKGEFVNNPDGTTSYYDAITGVKLVDTSLVVDGQTFNVDAKGVVTKAHTPGFYTTGDNNWFYADSYGRNVTGAQVINGQHLYFDANGRQVKGGFVTNTDGSRSFYHWNTGDKLVSTFFTTGHDRWYYADDRGNVVTGAQVINGQKLFFDTDGKQVKGAFATNANGSRSYYHWNTGNKLVSTFFTSGDNNWYYADAKGEVVVGEQTINGQHLYFDQTGKQVKGATATNPDGSISYYDVHTGEKAINRWVKIPSGQWVYFNAQGKGYVSN";"https://pfam.xfam.org/family/Glyco_hydro_70;https://pfam.xfam.org/family/Choline_bind_3;https://pfam.xfam.org/family/Choline_bind_1;";"https://www.ebi.ac.uk/metagenomics/genomes/MGYG-HGUT-00113";"#cfd4b1";"luteolin (quercetin/myricetin)";"https://pubchem.ncbi.nlm.nih.gov/compound/luteolin"
"22";"PGC_23";"GUT_GENOME000815_00949";"Glucosyltransferase-SI";"Glyco_hydro_70;Choline_bind_3;Choline_bind_1";"PUP genes";"Streptococcus salivarius";"Asia";"MENKVRYKLHKVKKQWVTLAVASAALATIVGGSVATSSLTSAEEINNTNGSPSTTTVGENTNPVVEKEVGTTTEVGNTSNATTTERAAVTADKPAETTVQPNSGTTSDRAAAVEVEAKPETTAKPEVAAKPETATTSEVAANAGVAAPTAEKSKELSEAEIKAAVSLDNIKKEKDGKYYYLLEDGSHKKNFAITVNGQVLYFDENGALSSTSTYSFTQETTNLVTDFTKNNAAYDSTKASFELVDGYLTADSWYRPKEILEAGTTWKASTEKDFRPLLMSWWPDKDTQVAYLNYMTKALSNGEETKDVFTIENSQASLNAAAQIIQRKIEVKIAANKSTDWLRQSIEAFVKDQDKWNINSESPGKEHFQKGALLFVNSDLTKWANSDYRKLDQTATSRLAKDKIKSGSDAGYEFLLSSDIDNSNPIVQAEMLNQLYYFMNWGQIVFGDKDKDAHFDGIRVDAVDNVSIDMLQLVSSYMKAAYKVNESEARALANISILEAWSQNDPYYVDEHNTAALSMDNGLRLSIVHGLTRPVTNKGTGARNASMKDLINGGYFGLSNRAEVTSYDQLGFATYLFVRAHDSEVQTVIADIISKKIDPTTDGFTFTLDQLKQAFDIYNADMLKVDKEYTHSNIPAAYALMLQTMGAATRVYYGDLYTDNGQYMAKKSPYFDQITTLLKARSKYVAGGQTSYIHNLAGDGVSSAKDNKEVLVSVRYGQDLMSKTDTEGGKYGRNSGMLTLIANNPDLKLADGETITVNMGAAHKNQAYRPLLLGTDKGIVSSLNDSDTKIVKYTDAQGNLVFTADEIKGFKTVDMSGYLSVWVPVGATEDQNVLAKPSTKVYKEGDKVYSSSAALEAQVIYEGFSNFQDFVKEDSQYTNKLIAANADLFKSWGITSFEIAPQYVSSKDGTFLDSIIENGYAFTDRYDFAMSKNNKYGSKEDLRDALKALHKQGIQVIADWVPDQLYTLPGKEVVTATRTDTHGKVLDDTSLVNKLYVTNTKSSGNDFQAQYGGAFLDKLQKLYPEIFKEVMEASGKTIDPSVKIKQWEAKYFNGTNIQKHGSDYVLSDGKLYFTVNDKGTFLPAALTGDTKAKTGFAYDGTGVTYYTTSGTQAKSQFVTYNGKQYYFNDKGYLVTGEQAIDGSNYFFLPNGVMFTDGVIKNAKGQSLVYGKSGKLTTQTGWKEVTVKDDSGKEEKFYQYFFKGGIMATGLTEVEGKEKYFYDNGYQAKGIFIPTKDGHLMFFCGDSGERKYSGFFEQDGNWYYANDKGYVATGFTKVGKQNLYFNEKGVQLKNRFFQVGDATYYANNEGDVLRGAQTINGDELYFDESGKQVKGEFVNNPDGTTSYYDAITGVKLVDTSLVVNGQTFNIDAKGVVTKAHTPGFYTTGDNNWFYADSHGRNVTGAQIINGQHLYFDANGRQVKGGFVMNTDGSRSFYHWNTGDKLVSTFFTTGHDRWYYADDKGNVVTGAQVINGQKLFFATDGKQVKGDFATNANGSRSYYHGATGNKLVSTFFTTGDNNWYYADDKGEVVVGEQTINGQNLYFDQTGKQVKGTTATNPDGSISYYDAHTGDKAINRWVKIPSGQWVYFNAQGKGYVSN";"https://pfam.xfam.org/family/Glyco_hydro_70;https://pfam.xfam.org/family/Choline_bind_3;https://pfam.xfam.org/family/Choline_bind_1;";"https://www.ebi.ac.uk/metagenomics/genomes/MGYG-HGUT-00113";"#cfd4b1";"luteolin (quercetin/myricetin)";"https://pubchem.ncbi.nlm.nih.gov/compound/luteolin"
"23";"PGC_23";"GUT_GENOME000815_00950";"Glucosyltransferase-SI";"Glyco_hydro_70;Choline_bind_3;Choline_bind_1";"PUP genes";"Streptococcus salivarius";"Asia";"MENKVHYKLHKVKKQWVTIAVASAALATVVGGLSATTSSVSADETQDKIVTQPNLDTTADLVTSTEATKEVDKRTNTKEADVLTPAKETNAAETATTTNTQATAEAATTATTADVAVAAVPNKEAVVTTDAPAVTTEKAEEQPATVKAEVVNTEVKAPQAALKDSEVEAALSLKNIKYTDGKYYYVNEDGSHKENFAITVNGQLLYFGKDGALTSSSTHSFTPGTTNIVDGFSINNRAYDSSEASFELINGYLTADSWYRPVSIIKDGVTWQASTAEDFRPLLMAWWPNVDTQVNYLNYMSKVFNLEAKYTSTDKQADLNRAAKDIQVKIEQKIQAEKSTQWLRETISAFVKTQPQWNKETENYSKGGGEDHLQGGALLYVNDSRTPWANSNYRLLNRTATNQTGTINKSVLDEQSDPNHMGGFDFLLANDVDLSNPVVQAEQLNQIHYLMNWGSIVMGDKDANFDGIRVDAVDNVNADMLQLYTNYFREYYGVNKSEAQALAHISVLEAWSLNDNHYNDKTDGAALAMENKQRLALLFSLAKPIKDRTPAVSPLYNNTFNTTQRDFKTDWINKDGSTAYNEDGTAKQSTIGKYNEKYGDASGNYVFIRAHDNNVQDIIAEIIKKEINKKSDGFTISDSEMKQAFEIYNKDMLSSNKKYTLNNIPAAYAVMLQNMETITRVYYGDLYTDDGHYMETKSPYHDTIVNLMKNRIKYVSGGQAQRSYWLPTDGKMDNSDVELYRTSEVYTSVRYGKDIMTADDTEGSKYSRTSGQVTLVVNNPKLTLHESAKLNVEMGKIHANQKYRALIVGTADGIKNFTSDAEAIAAGYVKETDSNGVLTFGANDIKGYETFDMSGFVAVWVPVGASDDQDIRVAPSTEAKKEGELTLKATEAYDSQLIYEGFSNFQTIPDGSDPSVYTNRKIAENVDLFKSWGVTSFEMAPQFVSADDGTFLDSVIQNGYAFADRYDLAMSKNNKYGSKEDLRDALKALHKAGIQAIADWVPDQIYQLPGKEVVTATRTDGAGRKIADAIIDHSLYVANSKSSGRDYQAQYGGEFLAELKAKYPKMFTENMISTGKPIDDSVKLKQWKAKYFNGTNVLDRGVGYVLSDEATGKYFTVTKEGNFIPLQLTGNEKAVTGFSNDGKGITYFGTSGNQAKSAFVTFNGNTYYFDARGHMVTNGEYSPNGKDVYRFLPNGIMLSNAFYVDANGNTYLYNYKGQMYKGGYTKFDVTETDKDGNESKVVKFRYFTNEGVMAKGLTVIDGSTQYFGEDGFQTKDKLATYKGKTYYFEAHTGNAIKNTWRNIDGKWYHFDENGVAATGAQVINGQKLYFNEDGSQVKGGVVKNADGTYSKYKEGSGELVTNEFFTTDGNVWYYAGANGKTVTGAQVINGQHLYFNADGSQVKGGIVKNADGTYSKYDAATGERLTNEFFTTGDNNWYYIGANGKSVTGEVKIGDDTYYFAKDGKQVKGQTVSAGNGRISYYYGDSGKRAVSTWVEIQPGVYVYFDKNGLAYPPRVLN";"https://pfam.xfam.org/family/Glyco_hydro_70;https://pfam.xfam.org/family/Choline_bind_3;https://pfam.xfam.org/family/Choline_bind_1;";"https://www.ebi.ac.uk/metagenomics/genomes/MGYG-HGUT-00113";"#cfd4b1";"luteolin (quercetin/myricetin)";"https://pubchem.ncbi.nlm.nih.gov/compound/luteolin"
"24";"PGC_10";"GUT_GENOME000509_01828";"hypothetical protein";"Glyco_hydro_70;Choline_bind_1;Choline_bind_3";"PUP genes";"Lactobacillus_B animalis";"North America";"MDNFEVKKHYKMYKAGKNWVVAPLITVGVVTGIAMGTSLSMADEVSVNNENANVVQSEKSLNFDNNSISNEDETLKNNDDNDNKEVEKTDETKDVNNDENITNETVAQNDTSAERAVIDNVTDKVTGEQKIDDHWYLFNDRGEMQQGLQDLRPYGSEKHAYYNEAGQMQYGWQRVNNEAHYFDTYDGAMAVGEKKINDHWYLFDKDGNMQRGIQDLRPYGSEKHTYYNEDGWMQYGWQRVNNEAHYFDTYDGAMAVGEKKINDHWYLFDKDGNMQRGIQDLRPYGSEKHAYYNEDGWMQYGWQRVNNEAHYFDTYDGAMAVGEKKINDHWYLFDKDGNMQRGIQDLRPYGSEKHAYYNEDGWMQYGWQWVNNATHYFDTYDGAMATGEKKINGHWYLFNDQGEMQRGLQYLPKENKLVSYDHDGWMQYGEQTVGNKKYYFDTFNGALKAKGLNNISDHWFLFGNTGDVLTGGQEVNGEKLFFDKDTAQLKTGLQKIDSNIVYVDPKTASYKKNFLFNDNGKWYYFDSQTGIGSEKQLNSYMLTDLAVSDDYRNGNVLYSHDGENIENIDGYLTADSWYRPKEILDNGEHWRLSTTNDKRPLLMVWWPNKEVKVNYLNFMADKGLLQQNNFSTSDDSKELQRAAEEVQKNIEKKISSENGKTDWLRETLSSFIATQPMWNRESEDPAYFGFQFQGGFLKYVNNDLVPDTASDWRLMGRQPINVDGKGDQGAEFLLANDIDNSNPVVQAEQLNWLHYLLNFGNITANDSQANFDGIRIDAVDNVDADLLSIAGDYMRAAYGTSENDANANKHLSILEDWNINDAEYTKKIGTPQISIDNHTVTQITASLSKQQGGNDRMGRFLEWYMVDRSHDDSENVAIPSFAFVRAHDYAVQDMVQQATTDATGAEANHSNWDQLAKGLELYNADQAKTVKKYNRYNIPSSYALLLTNKDSIPRVYYGDVFTDGGQYMSQKSIYYDVIDNLLRSRVKYVAGGQTMAVDQHDILTSVRFGKGAMKVSDAGTDETRTEGIGVIISNNTDLKLSDNEQVVLHMGAAHRNQAYRPVVLSTNDGIENYTSDTDAPIMYTDNNGDLIFSNKDVVVNGNVLANTSVRGVTNPFVTGYLAVWVPVGAESDQDARTTASTEKHGSDEMFRSNAATDSNVIYEGFSNFQAPPASPEQAANVVIAKNVDLFKQWGITSFEFAPQYRSSTDGTFIDSIISNGYAFTDRYDLGFGEPTKYGTDSDLRQALRSLHEVGIQAIADWVPDQVYALPGKEVVAATRVDDHGNYIDGSQINDTLYVANTRGGGEYQSKFGGAFLEELKQKYPQLFQKAQISTGVPINGDVQIKEWSAKYMNGTNILSRGAGYVLKDENSGVYFNVDRNGFPTQLKNSSLDSVFVKNEDGSISYFKEGKLYRNQFLEKDGNWYYFDNDGHMVRENGESNNGFVILDDPEYSGVYFFMDNGVSFRNGFMTARDGATYYFDQYGRMIKNQKKEINGTEYNFDKDGRLIK";"https://pfam.xfam.org/family/Glyco_hydro_70;https://pfam.xfam.org/family/Choline_bind_1;https://pfam.xfam.org/family/Choline_bind_3;";"https://www.ebi.ac.uk/metagenomics/genomes/MGYG-HGUT-00097";"#a7d6ca";"luteolin (quercetin/myricetin)";"https://pubchem.ncbi.nlm.nih.gov/compound/luteolin"
"25";"PGC_10";"GUT_GENOME000509_01829";"hypothetical protein";"Glyco_hydro_70;Choline_bind_1;Choline_bind_3";"PUP genes";"Lactobacillus_B animalis";"North America";"MFEKKLHYKMYKAGKHWVFAAIAVGIFGFASTTSALADETSSSNETQTEQTLNTDESTDTTTDVSNEAKATEAQLTTQDADMASSEEKTTNVEKEVTTAETNKDTTVKNVESSEQNTTTVADKNAVDSTAQVNTAEKENKYTQENVNGNWYLKDEQGNYLTGFQEIKDQNKTVYYNPDSKQMVYGQQNINGNWYLFDTFNGAMQTGLQYIRDQKKLAYYNEQGQMQYGTVEIDGQKYQADTFNGAIKGKGQTKIADNWYLFNNAGQVVDGWQWINDQGKTVYYSTKTAQMVHGQQNINGHWYLFDKTTGAMQRGFQNLKAYGDDKTVYYNQDGWMLYGQQKIDNKWYNFDTFNGAMKTGFVKIPEQNKTVYYAPNGQMQYGWQWVDNATRYFDTFNGAMATGQKLITGHWYLFDNNGAMQRGFQNLKNYGDNKTVYYNQDGWMLYGWQWVNNATRYFDTFNGAMTTGQKKINDHWYLFDKDGAMQRGIQYIPEENKLVYYNQDGWMLYGKQNINGVDHNFNTFNGALEAKGQVKVGNNWYLFNNSGTIQTGFQDLKAYGQDKVVYYDPKTAAMVYGYQNIDGNWYLFSRANGSMQRGLQNVNGVDLLFDEKTGALLTGVQNIKGNNYFVDKRSGNIKKNLVVLGADNKWMYFDAKTGKGTNTLEDQYKKGVVSGNVEFITNNAAYSFDGNSFENINGFLTADSWYRPKSILKDGSTWTATTETDLRPLLMTWWPNEQIKANYLNYMKDKGFINNSGTYNAESDPNYMDFAAQEAQRNIERKITKENDTTWLRDLITDFIKTQDIWNEQSEGVSTEGLQKFQGGFLKYVNSELTPYANSEWRKLGYQPTMLTQNNVGAEFLLANDIDNSNPVVQAEQLNWLHFLMNFGTITANDPSANFDGIRIDAVDNVDASLLSIAGDYFKAAYKVGQNDATANKHISILEDWNDKDPEYVNSIGNPQLTMDDYIVQQLKFSLGQAPDKVDRMQRFKEWYLVDRSKDNTENTAIPNYSFVRAHDASVQEDILQLIQDTTGKPWGVYTNEELQQGLKDYMADQKLTNKKYNRYNIPSSYAILLTNKDTIPRVYYGDLYSDAGKYMAEKSIYFDAIDNLLKTRTKYVAGGQTLDVDGHDILTSVRFGKGALNVTDKGTSETRTQGMGLIISNNNSLKLNDGEKVVLHMGAAHKNQAYRAVMLSSANGLINYTSDANAPVVYTNNDGDLIFTNKDVVTNGKVQANTAIKGVMNPYVSGYLAMWVPVGASATQDARTAASTKTTTDGSVFHSNAALDSNLIYEGFSNFQAFPENASENANAIIAQNVDLFNSWGVTSFQLAPQYVSSHDGSFLDSIIDNGYAFTDRYDLAMSKNNKYGSYQDLVNVLKALHAGGIQVIADWVPDQIYSLPGKEVVSVVRSDEFGNKVDGTQIDNTLYVVNTIGGGQYQKEYGGRYLEELKQKYPELFKTKQPSTGVTIDPSEKITEWSAKYLNGTNILHRGAEFVLRDGATYFRVAETSEVFLPSQLRGKITKNGFWKNDAGKVNYYNSEGEIMKNAFVKDGKNNWYYFDNDGNMVTNTALTIDSDAQVADYYFLNNGISLRDGFVQLANGDIYYYDVNGRKLKNGKVTVNNVEYTTDKNGKVVGENVLKKLDEIITTGKTTLI";"https://pfam.xfam.org/family/Glyco_hydro_70;https://pfam.xfam.org/family/Choline_bind_1;https://pfam.xfam.org/family/Choline_bind_3;";"https://www.ebi.ac.uk/metagenomics/genomes/MGYG-HGUT-00097";"#a7d6ca";"luteolin (quercetin/myricetin)";"https://pubchem.ncbi.nlm.nih.gov/compound/luteolin"
"26";"PGC_819";"GUT_GENOME147644_00674";"Arylsulfate sulfotransferase AssT";"Arylsulfotran_N;Arylsulfotrans";"PUP genes";"Campylobacter_B ureolyticus";"Europe";"MKKILSSVLVAGMLASVGVTTSLAMGGPTGPKTDWQIQGKIGSVKLNPYDLTPLTAVIMNGGYNLSDIEVTIVPKENGQTIKYKVDKNRAKTYGGIPIFGLYPNYLNTVKVSYTKESFGKTEKVKDEEYKILTAGVNLQPTGYTSQRGVPFEKVNVLKVEDEFKDRLYLVNNAPGKSIGKSSNSVWNNPMGGAMEWDEESSAFIVDTKGEIRWFFDNAKLMDWHNIYNRGLMMGFHQNNDGSLTWGFGQRYVKYDLMGKESFNRQLPLGYIDFSHAMDDMQNGNYLLRVASANTLRPDGKNVRTVRDVIIEVNQDGDVVDEWKLFEILDPYRSDVIKALDQGAVCLNIDASMAGKTLSDEDLAKMDESNNFGDIAGTGIGRNWAHVNSVDYDPTDDSIILSSRHQSAMIKIGRDKKVKWIAGAHKGWNDKFKDKLLQPVDGKGNKIVCEDGYSKCPGYLNENGGFDWTWTQHTAWRIDEKSDKRYIYMSVFDNGDARGIEQPALPTMKYSRAVVYKIDQEKMTIEQIWEYGKNRGNEWFSPVTSLTEYHADKDSIVIYSATAGMSFDLNSGVSVGEPKPEIDEFKWGAKEPSVQIQFIGTDAGYQAMPISLEKAFGKTK";"https://pfam.xfam.org/family/Arylsulfotran_N;https://pfam.xfam.org/family/Arylsulfotrans;";"https://www.ebi.ac.uk/metagenomics/genomes/MGYG-HGUT-02543";"#a7d6ca";"phloretin;4-Nitrophenyl sulfate (quercetin/resveratrol/6-Hydroxyflavone)";"https://pubchem.ncbi.nlm.nih.gov/compound/phloretin;https://pubchem.ncbi.nlm.nih.gov/compound/4-Nitrophenyl%20sulfate"
"27";"PGC_819";"GUT_GENOME147644_00676";"Arylsulfate sulfotransferase AssT";"Arylsulfotran_N;Arylsulfotrans";"PUP genes";"Campylobacter_B ureolyticus";"Europe";"MKKILSSALVAGMLVSAGVTTSFAIGGASGAKTDYVVQGKIGELVVNPYDIAPLTAVIKNGGYTIKDVTVRIVPKKDGQEIKYKVADGELKTHGGIPVFGLYPDYVNTVEVEYTRTYKGADEKIKEDYKIYTAPVFGDVSGMRGQKGVFFDEIKVTKPATEKFKDRLYFVNNFQPKTGKGTKVVWNNPTGGALEWNYTPQIFILDTKGEIRWYMEPSKIYNLKSAFHAGVMMGFKQNDDGDITWGYGQRYAKYDIMGREIFNRELPAGYIDFSHSMDDSPNGHYFLRVANANLKRNDGKNVRTVRDVIVEVDQNGQVVDDWKLYEILDPYRDNVLKVLDQGAVCLNIDAKAGGHTLSDEELAKLDDNDKFGDIVGSGPGRNWAHVNSVDHDAEDDSIIISSRHQNAIIKIGRDKQVKWILGNPVGWKDKFKDKLLTPVDSKGNKISCGDDGAKCPGYESDKGGFDYTWTQHTAFKIDEKSKGDIIYVSAFDNGDSRGMEQPALPTMKYSRSVIYKIDQKKKTVEQVWEYGKDRGFDWYSSVTSLTEYQADKNSVMVYSAVAGMQFDIATGNPTGLPSPHINEFEWGAKEPSIEIIMTNAMGYQAWPFSIEKALSK";"https://pfam.xfam.org/family/Arylsulfotran_N;https://pfam.xfam.org/family/Arylsulfotrans;";"https://www.ebi.ac.uk/metagenomics/genomes/MGYG-HGUT-02543";"#a7d6ca";"phloretin;4-Nitrophenyl sulfate (quercetin/resveratrol/6-Hydroxyflavone)";"https://pubchem.ncbi.nlm.nih.gov/compound/phloretin;https://pubchem.ncbi.nlm.nih.gov/compound/4-Nitrophenyl%20sulfate"
"28";"PGC_722";"GUT_GENOME000004_00480";"Arylsulfate sulfotransferase AssT";"Arylsulfotrans;Arylsulfotran_N;DUF4352";"PUP genes";"Blautia_A sp900066165";"Europe";"MRKWNRKTKIAVFIIFLILAVLFAALCWKKRRGIYNTYMKLTGQEIPYSVQEKRRKKYGYYDQELNASMNLENPVYITENDGSANEIETDIPKETTRIASSYEIDQQLQAELENGYSWEEPMVIQNPYQVSPLTAVIIFDTKEECAVRFTVKGKTEAADISGEVESAVSHRIPVIGLYPAMENTVVLELLDKSGKVTDSQEITITTDELPDKLDDAVKPVKTSGESAFELTMVYGQRTTFPFAYDCMGDIRWYMSGEFTSGIYMLSNSRMIVASNEAFMPSQDKPQTTNLYEMDYLGRAYTMYYVAGGNHHEVIEKEPDGNLLVLTSSLEGHIEDKIQEIDRQTGEVVNELIMEDIFSGKYEDRVDWTHLNTVSYQPETDTIVISPRNLESVVKLNWTTKEIQWILCDPRFWEGTEYEKYVLQPEGDFVYQFQQHTAYQLETDLDGDDQTIEVSMFDNHHVKVRKSDVLQYFDGEKESYLLVYAVNEAEKTVKQIKKIPTVWSTITSSAIYDADSNHIFGMCGHVKDSEDKRRGMNYEFDYDTEELINQFSIKSYYYRASEMRIDWNDLAAVMEIKDNYIMGELYQPVKATWFFWQKKPKQVLEDGEITLHLTGQVLYAGAYDHQISQIIFHGKKNTYVYDTTDIRLHTKSYLQFYENIPVPLQGMEADDYEIYVVYQNEFYDLEQNIKIK";"https://pfam.xfam.org/family/Arylsulfotrans;https://pfam.xfam.org/family/Arylsulfotran_N;https://pfam.xfam.org/family/DUF4352;";"https://www.ebi.ac.uk/metagenomics/genomes/MGYG-HGUT-00002";"#a5c9e3";"phloretin;4-Nitrophenyl sulfate (quercetin/resveratrol/6-Hydroxyflavone)";"https://pubchem.ncbi.nlm.nih.gov/compound/phloretin;https://pubchem.ncbi.nlm.nih.gov/compound/4-Nitrophenyl%20sulfate"
"29";"PGC_722";"GUT_GENOME000004_00482";"Arylsulfate sulfotransferase AssT";"Arylsulfotrans;Arylsulfotran_N;DUF4352";"PUP genes";"Blautia_A sp900066165";"Europe";"MKNKRYRELAAILVMMTMTVGSITTVAAETETTAEEETTAETETDETETETAEDADSEAAEAADTQSQAAALEVTDRFAQQTAVDEALLQEASNGYSLDEALIVVNPYGMSPLSAVAVFSTEKACGGTVAVKGKSAENDVTWTFEEATEHIVPIYGLYNNDTTEVVITLDDGTSATFEVTTEDIGVDYGTIQTEMKSEASYDYSNLTFVCSTMGTLYGVDAAGDIRFFTNIGGTLGVHQLENGHLLMPASYVLKSSYYKEGMIEVDLLGKIYREYMIPGGQHHDFVELPDGNLLVASDSPDLSTVEDYVVEIDRETGAVVWELDMKDLISQEDGQSASMDSDGSEEADWFHNNGLAYDAENDLVLLSARHKDAIVAVNKEDKSLAWILGDPTGWDGVDPSYFFTPEGEDFEWFYAQHNVSILDNGDIALFDNGTAKVKRVDGDNRVSGDNVYSRAVVYQIDTENMTVSQVTEYGKERGADWYSDWISGVVSLDGTQDHLWITAGSHLHSDEENRSDYYPKDMFVQGLTKTTHIDQVDNGELSFELTISGDTYNALTYRSFRMPLYTEGKYDPSAVPEVLGSLGETSYEESSIDVSTAEALPDGWNFLLDGSKISVNGSFQTQTAAADLLAGKMILISGESQRAYQLTQTPSEGDDGTNVTVKGWTAVDGLEGQEWDIYLELDGVLYNTGYMYSQA";"https://pfam.xfam.org/family/Arylsulfotrans;https://pfam.xfam.org/family/Arylsulfotran_N;https://pfam.xfam.org/family/DUF4352;";"https://www.ebi.ac.uk/metagenomics/genomes/MGYG-HGUT-00002";"#a5c9e3";"phloretin;4-Nitrophenyl sulfate (quercetin/resveratrol/6-Hydroxyflavone)";"https://pubchem.ncbi.nlm.nih.gov/compound/phloretin;https://pubchem.ncbi.nlm.nih.gov/compound/4-Nitrophenyl%20sulfate"
"30";"PGC_387";"GUT_GENOME142587_04457";"Arylsulfate sulfotransferase AssT";"Arylsulfotrans;Arylsulfotran_N";"PUP genes";"Robinsoniella peoriensis";"NA";"MGRKKKYIVVGSIVAVILILLAGSAIFYLTQPNFRFINTRLSKKDKGPQYVKVKVDGSEEKTIKSNVDSGKNISVSEGIKQTQSLEEQTIQIDEMIQAELEKGEYSFEEPLVIQNPYQNSPLTAVAVFTTEEESQIKVTVKGKTQENDIADTIEATKQHIIPIIGLYANMENNVLLEELDKDGKAVRSTTLKIQTDSLPDAFIDAVKMEKKTTESSIKLMVVTGGAIPHLYGFDSSGDIRWALMYSTGANFGGYPLTNGHFLIESENTMMANAGEPRSTQYHEVDYLGRVYQDYFFTSGAHHEIKEKEPGGNLLVLSDSGKGYLKDLLQEYDRETGEVVKELNLRPLFKKSGYVNKADWAHTNTLSYDKETDSIIVNPRNLHSAVKINWSTDEIEWILGDPEFWEGTGLEDKVLQPEGDIQWHYQPHTVYQLEEDIDNDPNTIHVMLFDNHNDKNRKVEGFEKTGYSYVKLYTIDPEKMTVKQDHIYQCDYSPVTSNYLLDYDNKRVFAASAYSGSKKTGLYGTVTEYDFDSEEVLNQYKINHNYYRAYNIDLDFSSCLQNINVNDTYLKGQMRYPVKVDTKVEKPKRNLKSDSKAQISMSMLKDLLLFTAKNHSYTQVIFSGQNNTYIYDISDIKVRFEYSFVYAIPIPLTEFVADTYNIYIMCQDEYFNLNQSITIS";"https://pfam.xfam.org/family/Arylsulfotrans;https://pfam.xfam.org/family/Arylsulfotran_N;";"https://www.ebi.ac.uk/metagenomics/genomes/MGYG-HGUT-02403";"#cfd4b1";"phloretin;4-Nitrophenyl sulfate (quercetin/resveratrol/6-Hydroxyflavone)";"https://pubchem.ncbi.nlm.nih.gov/compound/phloretin;https://pubchem.ncbi.nlm.nih.gov/compound/4-Nitrophenyl%20sulfate"
"31";"PGC_387";"GUT_GENOME142587_04458";"Arylsulfate sulfotransferase AssT";"Arylsulfotrans;Arylsulfotran_N";"PUP genes";"Robinsoniella peoriensis";"NA";"MKKRALFIGLIIGTMCLASACSNTGKQTQESQTAMATENSESNVETETAANNDETIVDSETTIDSEQQESKRVIMNDTLAEQAKVDEQLMAEVSSGYTIDEPFIVVNPYGNSPLTAVAIFNTDESTGVKLLVKGEKTEDNIEASFGKETTHIIPIYGLYSGKENEVTFTLDDGTTKTVQVTTEALETTIGNQAEIKTIDNNEYDFSKLTFASGGAANEIAAYDSAGAIRWYCKTSGLPFKQLSNGHFLAQTDTLIHPLYYMSGIIEFDLTGKIYNEYSIPGGSHHAAFEMPNGNLLIGSCTTDFSNVEDRIVEIDRTTGEVVWELNLEELLDVTDGSSLNQTEKDWFHNNAVWYDEKTDTILISGRHVDAVIGVNKENKTLSWVMGNPEGWTTVDEKYFFKPIGDNFEWQYAQHNITMLPNGDVMVFDNGDSRTKKTQPDNAVAGDQVYSRAVVYHLDYDNMTIEQVWEYGKERGPEWYSSFISGADYIGDNNYWITSGGNMFDAKKNTYDVSPYDQLSPDVKKQAYIDQVKDNKLVFEMVVPSLVYRSIRADMYAEESSYLDLTVKGQWLGDLGVTETVDQKVDCGNAAAGEESWVLDQKPFGLMFSGTLPSNSEDVKPGYIILEDEEGNQNVYTLGIIPMQQKDDSKILNMSATISSKDLAGKMYHIYIEADGTVYDTGYEIKF";"https://pfam.xfam.org/family/Arylsulfotrans;https://pfam.xfam.org/family/Arylsulfotran_N;";"https://www.ebi.ac.uk/metagenomics/genomes/MGYG-HGUT-02403";"#cfd4b1";"phloretin;4-Nitrophenyl sulfate (quercetin/resveratrol/6-Hydroxyflavone)";"https://pubchem.ncbi.nlm.nih.gov/compound/phloretin;https://pubchem.ncbi.nlm.nih.gov/compound/4-Nitrophenyl%20sulfate"
"32";"PGC_289";"GUT_GENOME096470_00561";"Arylsulfate sulfotransferase AssT";"Arylsulfotran_N;Arylsulfotrans";"PUP genes";"Beduini massiliensis";"NA";"MSVEYKRIEHWIPLQKEAEEKMLAEFESGDYTIENPLVKVNAYLINPLSAVVLFKTKEETAVTIRVRGKTKAADIVHTFPKGKTHILPVLGLYANYNNTVEITPYRGKTTTIQIELGDVCDQSVVEYIETTPEYFQDNIMLLTPAGSEKSIGVDFAGDIRFHLTALCVFDAKRLKNGNLLIGTDRLIKLPYYMSGLYEMSMVGKIYKEYRVPGAYHHDEFEMPDGNILCLTEDLRSETVEDMCVLLDRNTGEILKTWDYKKFLTPGEGQGLSYTDEDWFHNNAVWYDENTHSLTFSGRHIDSMVNIDFDSGELNWIIGDPETWPEHMHKYFFKPVGNNFEWQYEQHANLITPNGDVMCFDNHHNSTKVEAKKVLAHNNYSRGVRYKINTEDMTIEQVWQYGKDRGAEFFSPYICNVEYYNEGHYLVHSGGIAYDKDGLPSEALGAYAVQTGGRQEAITVEVVHNVKMFELKTNSNFYRAEKVKLYTQGSNLELGEGQILGSMGVTLEFDTEIPAEAAGEMLPEDCNARIEDEMDKFTFFCRFMKGDLAMLMLEKGEEVHRYYISTTSQPAKAMCCGSFLDSDDRNTRTGINKAGLSGTYDVRVIINDKKYETGIKIEC";"https://pfam.xfam.org/family/Arylsulfotran_N;https://pfam.xfam.org/family/Arylsulfotrans;";"https://www.ebi.ac.uk/metagenomics/genomes/MGYG-HGUT-01487";"#a7d6ca";"phloretin;4-Nitrophenyl sulfate (quercetin/resveratrol/6-Hydroxyflavone)";"https://pubchem.ncbi.nlm.nih.gov/compound/phloretin;https://pubchem.ncbi.nlm.nih.gov/compound/4-Nitrophenyl%20sulfate"
"33";"PGC_289";"GUT_GENOME096470_00562";"Arylsulfate sulfotransferase AssT";"Arylsulfotran_N;Arylsulfotrans";"PUP genes";"Beduini massiliensis";"NA";"MAIEYTFTKSLVDRQNEAEKAMLDELEAGSFTFDHPLVKLNPYFINPLAAVICFKTDKETAVTIRVLGKEKEGTMMHTFPKAKTHILPVLGLYGGYDNTVEIELYRGKKHTVHIQTEPLSNDVPELVHMKTTYHYLRDELIFVSPALTDLATGFDYAGDVRWHLNIPTVFDIKRAANGNILIGTHRLLKLPYYMSGIYEMSMVGKVIREYTIPGGYHHDQFELSNGNLLILTEDLTSDTVEDMCVLVDRNSGEILKTWDYKDFLDPTKVAKSGSWTEEDWFHNNAVWYDEKTNSLTFSGRHIDSMCNIDFDSGKLNWIIGDPEMWPKEYLPYFFKPTGNGEFDWQYEQHANVITPNGDVMCFDNGHFRSKNPDKRILNKDNFSRGVRYKINTEDMTIQQVWQYGKERGQEFFSQYICNVEYYKEGHYMVHSGGIQYYGDDASEQFAALMQDDPMVRTRSITVEILDDEVMLELEVKGNFYRAEKLGLYHDQDNLPLGKGVRLGQMGVTKESDTLIPMDSCNEELSHIYEAVIEEEDDRFTFKATFESGQLVMLMLEQNDEQHGYFISTAKTPFAALCCGTFIEKDARKISCSVNKAGLSGTYEVRVIVDDKKYETGIKITC";"https://pfam.xfam.org/family/Arylsulfotran_N;https://pfam.xfam.org/family/Arylsulfotrans;";"https://www.ebi.ac.uk/metagenomics/genomes/MGYG-HGUT-01487";"#a7d6ca";"phloretin;4-Nitrophenyl sulfate (quercetin/resveratrol/6-Hydroxyflavone)";"https://pubchem.ncbi.nlm.nih.gov/compound/phloretin;https://pubchem.ncbi.nlm.nih.gov/compound/4-Nitrophenyl%20sulfate"
"34";"PGC_18";"GUT_GENOME000614_01665";"Arylsulfate sulfotransferase AssT";"Arylsulfotran_N;Arylsulfotrans";"PUP genes";"NA";"North America";"MSVEYKRIEHWIPLQKEAEEKMLAEFESGDYTVENPLVKVNAYLINPLSAVVLFKTKEETAVTIRVRGKTKAADIVHTFPKAKTHILPVLGLYANYNNTVEITPYRGKTTSIQIELGDVCDQSVVEYIETTPEYFQDNIMLLTPAGSEKSIGVDFAGDIRFHLTALCVFDAKRLKNGNLLIGTDRLIKLPYYMSGLYEMSMVGKIYKEYRVPGAYHHDEFEMPDGNILCLTEDLRSETVEDMCVLLDRQTGEILKTWDYKKFLTPGEGQGLSYTDEDWFHNNAVWYDENTNSLTFSGRHIDSMVNIDFDSGELNWIIGDPETWPEHMQKYFFKPVGNNFEWQYEQHANLITPNGDVMCFDNHHNSTKVEAKKVLAHNNYSRGVRYKINTEDMTIEQVWQYGKDRGAEFFSPYICNVEYYNEGHYLVHSGGIAYDQDGQPSEALGAYAVQTGGRQEAITVEVVNNVKMFELKTNSNFYRAEKVKLYTQGNNLELGEGQILGSMGVTLEFDTEIPAEATGEMLPEDCNARVEDEMDKFTFFSRFMKGDLVMLMLENGDEVHRYYISTTSQPAKAMCCGSFLDSDDRNTRIGINKAGLNGTYDIRVIINDKKYETGIKIEC";"https://pfam.xfam.org/family/Arylsulfotran_N;https://pfam.xfam.org/family/Arylsulfotrans;";"https://www.ebi.ac.uk/metagenomics/genomes/MGYG-HGUT-00132";"#d1bbdf";"phloretin;4-Nitrophenyl sulfate (quercetin/resveratrol/6-Hydroxyflavone)";"https://pubchem.ncbi.nlm.nih.gov/compound/phloretin;https://pubchem.ncbi.nlm.nih.gov/compound/4-Nitrophenyl%20sulfate"
"35";"PGC_18";"GUT_GENOME000614_01666";"Arylsulfate sulfotransferase AssT";"Arylsulfotran_N;Arylsulfotrans";"PUP genes";"NA";"North America";"MAIEYTFIKSLVDRQTEAEKAMLDELEAGSFTFDHPLVKLNPYFINPLAAVICFKTEEETAVTIRVLGKEKEGTMMHTFPKAKTHILPVLGLYGGYDNTVEIELYRGKKHTVHIQTEPLSNDVPELVHMKTTYHYLRDELIFVSPALTDLATGFDYAGDVRWHLNIPTVFDIKRAANGNILIGTHRLLKLPYYMSGIYEMSMVGKVIKEYTIPGGYHHDHFELANGNLLILTEDLTSDTVEDMCVLVDRSSGEILKTWDYKDFLDPTKVAKSGSWTEEDWFHNNAVWYDEKTDSLTFSGRHIDSMCNIDFNSGKLNWIIGDPEMWPEEYLPYFFKPISDGEFDWQYEQHANVITPNGDVMCFDNGHFRSKNPDKRILNKDNFSRGVRYKINTDDMTIQQVWQYGKERGQEFFSQYICNVEYYKEGHYMIHSGGIQYYGDDASEQFAALMQDDPMVKTRSITVEVLDDEVMLELEVKGNFYRAEKLGLYHDQDNLPLGQGVRLGQMGVTKESDTLIPMDSCNEELSHIYEAAIEEEDDRFTFKATFESGQLVMLMLEQNDEQHGYFISTAKTPFAALCCGTFIEKDARKISCSVNKAGLNGTYDVRVIVDDKKYETGIKITC";"https://pfam.xfam.org/family/Arylsulfotran_N;https://pfam.xfam.org/family/Arylsulfotrans;";"https://www.ebi.ac.uk/metagenomics/genomes/MGYG-HGUT-00132";"#d1bbdf";"phloretin;4-Nitrophenyl sulfate (quercetin/resveratrol/6-Hydroxyflavone)";"https://pubchem.ncbi.nlm.nih.gov/compound/phloretin;https://pubchem.ncbi.nlm.nih.gov/compound/4-Nitrophenyl%20sulfate"
"36";"PGC_997";"GUT_GENOME131443_00789";"Inosose dehydratase";"AP_endonuc_2;GFO_IDH_MocA_C;GFO_IDH_MocA";"PUP genes";"NA";"Europe";"MKKLPVGIQVYGLRNLLENTPDQFETVMKQVKELGYEGVELAGTYGLEAAYIRDTLGETGLVPLSAHVPLVDMMKDIDAVIKEYQTIGVSYLVVPYLPEEYRHNTPGYPVVIDAMKKIGAAVTDAGMKLLYHNHDFEFVTLADGTFGFDDIYTRVPENLLRVEPDTCWIKVAGQDPAEYIRKYGSRCEIIHLKDFVKEGQPKNLYKLIGIETEESGEDTGMFEFRPVGFGQMLWEPVLDASLEAGAKWVVVEQDEHYDLPPLEAARRSREYLKILGW";"https://pfam.xfam.org/family/AP_endonuc_2;https://pfam.xfam.org/family/GFO_IDH_MocA_C;https://pfam.xfam.org/family/GFO_IDH_MocA;";"https://www.ebi.ac.uk/metagenomics/genomes/MGYG-HGUT-02673";"#cfd4b1";"daidzin";"https://pubchem.ncbi.nlm.nih.gov/compound/107971"
"37";"PGC_1000";"GUT_GENOME142588_01221";"Aryl-phospho-beta-D-glucosidase BglC";"HTH_3;Glyco_hydro_1";"PUP genes";"Bacillus_BE massilionigeriensis";"NA";"MIHKHLKPYPTNFLWGSASAAYQVEGAWDKGGKGPSNWDLFVRIPGKTFKGTTGDVAVDHYNRFREDVQLMAEMGLKAYRFSVSWARIFPKGKGELNKEGIRFYDELINELIKYNIEPILTIYHWDLPQALQDEYGGWESRQIIEDFTNYAVTLYEHFGDRVKYWVSLNEQNIFTSFGYRTALHPPGVKNEELYYQVNHHANLANASAIKEFRKFVPNGKIGPSFAYSPAYAASSKPEDVLAAENAEEFNSHWWMDVYAWGIYPKAAWDYIAEKGLAPKLEDGDLELLKEGKPDFMGVNYYQTTTFESNPLDGVSEGQMNTSGKKGTSQDTGIPGVYKTVKNEHLERTNWDWNIDPTGLRVGLRRITNRYQLPILISENGLGEYDKVEPGDVINDDYRIAYLGSHLKAVQEAISDGVEMLGYCTWSFTDLLSWLNGFQKRYGFVYVNQHEEGEHDLRRIKKRSFYWYKEVIEANGRNLMDDDK";"https://pfam.xfam.org/family/HTH_3;https://pfam.xfam.org/family/Glyco_hydro_1;";"https://www.ebi.ac.uk/metagenomics/genomes/MGYG-HGUT-02404";"#a7d6ca";"ginsenoside Rb1 (hesperidin/naringin)";"https://pubchem.ncbi.nlm.nih.gov/compound/9898279"
<br />
<b>Fatal error</b>:  Uncaught TypeError: Return value of PhpMyAdmin\Encoding::convertString() must be of the type string, boolean returned in /www/server/phpmyadmin/phpmyadmin_09a7ef52b6537548/libraries/classes/Encoding.php:203
Stack trace:
#0 /www/server/phpmyadmin/phpmyadmin_09a7ef52b6537548/libraries/classes/Export.php(156): PhpMyAdmin\Encoding::convertString('utf-8', 'windows-1252', '&quot;38&quot;;&quot;PGC_928&quot;;...')
#1 /www/server/phpmyadmin/phpmyadmin_09a7ef52b6537548/libraries/classes/Plugins/Export/ExportCsv.php(339): PhpMyAdmin\Export-&gt;outputHandler('&quot;38&quot;;&quot;PGC_928&quot;;...')
#2 /www/server/phpmyadmin/phpmyadmin_09a7ef52b6537548/libraries/classes/Export.php(1003): PhpMyAdmin\Plugins\Export\ExportCsv-&gt;exportData('dbpup_zhang_ml', 'cluster', '\n', 'tbl_export.php?...', 'SELECT `number`...', Array)
#3 /www/server/phpmyadmin/phpmyadmin_09a7ef52b6537548/export.php(596): PhpMyAdmin\Export-&gt;exportTable('dbpup_zhang_ml', 'cluster', 'data', Object(PhpMyAdmin\Plugins\Export\ExportExcel), '\n', 'tbl_export.php?...', 'table', false, false, false, fal in <b>/www/server/phpmyadmin/phpmyadmin_09a7ef52b6537548/libraries/classes/Encoding.php</b> on line <b>203</b><br />
