db,UniqueIdentifier,EntryName,ProteinName,OrganismName,OrganismIdentifier,GeneName,ProteinExistence,SequenceVersio,Sequence
>sp,P42106,QDOI_BACSU, Quercetin 2_3-dioxygenase,Bacillus subtilis (strain 168),224308,qdoI,1,2,"MKTLCTHSLPKEKMPYLLRSGEGERYLFGRQVATVMANGRSTGDLFEIVLLSGGKGDAFP
LHVHKDTHEGILVLDGKLELTLDGERYLLISGDYANIPAGTPHSYRMQSHRTRLVSYTMK
GNVAHLYSVIGNPYDHAEHPPYASEEVSNERFAEAAAVADIVFLDEAKPACSAKLAELTE
LPDGAVPYVLESGEGDRLLTGDQLHRIVAAQKNTDGQFIVVSSEGPKGDRIVDHYHEYHT
ETFYCLEGQMTMWTDGQEIQLNPGDFLHVPANTVHSYRLDSHYTKMVGVLVPGLFEPFFR
TLGDPYEGHIFPCEPQALRFDRILQNIEALDLKVMKP
"
>tr,B1XDG0,B1XDG0_ECODH, NADPH-dependent curcumin/dihydrocurcumin reductase,Escherichia coli (strain K12 / DH10B),316385,curA,4,1,"MGQQKQRNRRWVLASRPHGAPVPENFRLEEDDVATPGEGQVLLRTVYLSLDPYMRGRMSD
EPSYSPPVDIGGVMVGGTVSRVVESNHPDYQSGDWVLGYSGWQDYDISSGDDLVKLGDHP
QNPSWSLGVLGMPGFTAYMGLLDIGQPKEGETLVVAAATGPVGATVGQIGKLKGCRVVGV
AGGAEKCRHATEVLGFDVCLDHHADDFAEQLAKACPKGIDIYYENVGGKVFDAVLPLLNT
SARIPVCGLVSSYNATELPPGPDRLPLLMATVLKKRIRLQGFIIAQDYGHRIHEFQREMG
QWVKEDKIHYREEITDGLENAPQTFIGLLKGKNFGKVVIRVAGDD
"
>tr,H3JUE4,H3JUE4_9ACTN, Daidzein-to-DHD conversion enzyme,Slackia sp. NATTS,647703,ddce,4,1,"MQHAKYPHLFSKGKVGKVTTKNRVIRNSMGTYLNVGKLCDVSDRNIKHAAEAAEGGPGIV
FLDNCLIMEGYHMGLAAYDDTYIPGLSMLAEAMHDHGAVAGMQLAHPGRDMGFAGGDNVV
APSAVLPEIMINAGATVPRPLTIDEIHEIEEQYGQAAARVKQAGFDIVEVHGACGCLPTN
FLSPHDNQRNDIYGGSLFNRQRFLVEVIRSIKRYVGPDFPVSVKLDMDDCEPDGIRLEEC
IDTCRVLEREGVALLNLVTATHVTANFSTSFYPWSYCADMAAQVKEQVHIPVMVTGAIQS
PEAAEKILADGKVDFIGTARQCLADQAWVEKARTGHEDDIRPCIRCQIGCTDRGILGHHP
ISCAVNPTLFHYYEELYPKAATPKNVAVVGAGPAGCEAALTLKQRGHNVTVFEKREIGGT
MIEAGAAWYKADINRFIDYYRKQLEKQHIDVRMQEVTPQDIADGGYDACIVAIGGEPRKL
NVPGIDKPIVTEGIDFLYGSKKVEGKSAVVVGGATTTAEIALDLAEKGMDVTIVKRGTKF
LNPAGCQMDIEYTIRLHQLGVKLMTGYRLDSVTDSSAIAIDQYGEKVEIPTENVVISAGY
LNRPGFAEQLEEISDMDVYMAGDCKKVAEIPDATHAGYAVARMI
"
>tr,M9NZ71,M9NZ71_9ACTN, Daidzein reductase,Slackia isoflavoniconvertens,572010,dzr,4,1,"MQHAKYPHLFSKGKVGKVTTKNRVIRNSMGTYLNVGKLCDVSDRNIKHAAEAAEGGPGIV
FLDNCLIVDGYHMGLAAYDDTYIPGLSMIAQAMHDHGAVAGMQLAHPGRDMGFAGGDNVV
APSAVLPEIMINAGATVPRPLTIDEIHEIEEQYGQAAARVKQAGFDIVEVHGACGCLPTN
FLSPHDNQRNDIYGGSLFNRQRFLVEVIRVIKRYVGPDFPVSVKLDMDDCEPDGIRLEEC
IDTCRVLEREGVALLNLVTATHVTANFSTSFYPWSYCADMAAKVKEQVHIPVMVTGAIQS
PEAAEKILADGKVDFVGTARQCLADQAWVEKARTGHEEDIRPCIRCQIGCTDRGILGHHP
ISCATNPTLFHYYEELYPKAETPKNVAVVGAGPAGCEAALTLKKRGHNVVVFEKREIGGT
MIEAGAAWYKSDINRFIEYYRKQLKKHNIEVRKQEVTPEDIAAGGFDACIVAIGGEPRKL
NVPGIDKPIVTEGIDFLYGSKKVEGKSAVVVGGATTTAEIALDLAEKGMDVTIVKRGTKF
LNPAGCQMDIEYTIRLHQLGVKLMTGYRLDSVTDTSAIAIDQYGETVELPCDNVVISAGF
LNRPGFAEKLEEISDMDVYMAGDCKKVAEIPDATHAGYAVARMV
"
>tr,E7FL41,E7FL41_9LACT, Dihydrodaidzein reductase,Lactococcus garvieae,1363,l-dhdr,4,1,"MAQEVKVPKMPGAPVFGKWISPEESVGQRLKGKKILLTGTTKGVGRVTQELLCAHGAFVC
GSGRTPGVAASVADELKAKGYQAAGMDVDLSDYDAVKKWVEECAELMGGIDVVINNASHP
GMAPFGEMTPEIWNYGIKNELDLVYNVCNCAWPYLQKADGASIIITSSTVALQGSNSPQA
CHAACKGACLSLARQLAAEGGPFGIRCNSVTPGLVWTEAMSNIPKEMASGLVAAQTTQQA
VDPMDIAYAYLFLASDESRQITAANIPVDGGCAGAVTGGMQGEIEV
"
>tr,E1CIA4,E1CIA4_9LACT, Daidzein reductase,Lactococcus garvieae,1363,l-dznr,4,1,"MKNKFYPKTFERGYIGNLEVENRAIRMPMGTELGNPDGSPSWASLKAYAEAADGGTGIVF
MDNAGVTQFHHVGLSLASDNYIGPMSVLAKTIKQHGAIPGLQIVHPGRDAAFVRGDDLIS
SSRIQWEPWYENGGAVPRELTIEEIHDFVGYFGDCALRAQTAGFEIVDVHAACGVLLSNF
LSPRNNTRNDMYGGSLHNRARFLLEVIRDIKKKCPNLPLAIRLSGIDFEPDGITIEETCE
VAKMCEAAGADAINITWGSHAEVINAAGLLSKHGANHVEAAKMIKDAVSIPTMLCGGIYS
PEIGEKLLEDGVCDFIGIGKPALADPMWAKKAAEGRPEDIRPCIGCGVGCHDRGMLSGGV
VQCAVNAALYKFDEPVYPQAEVPKKVIIIGAGPAGCEAAITAKKCGHDVTIYEKRKIGGV
LKEATVSDSKEDLGRLITYYETQLKKEGIEVIYEEATADTVVAGGFDVAIVACGATVRNL
NIDGQDDPSVVYAMDFLDNDCKSDADRVVVVGGGIVGAETALILAEERGKDVTITTRSPE
FFVSGVMGIAYMVRLGMAGVTIKPSTQLVAVKDGKPMFAGPRGLETLDVDQTIISSGFVP
TFNQFRAQIEEKCEDVRVIGIGDCKASRMVMDAVHEGYIAGCNL
"
>tr,F7V1S0,F7V1S0_EEGSY, NADH:flavin oxidoreductase,Eggerthella sp. (strain YY7918),502558,EGYY_15730,4,1,"MKNKFYPKTFERGYIGNLEVENRAIRMPMGTELGNPDGSPSWASFKAYAEAADGGTGIVF
MDNAGVTQFHHVGLSLASDNYIGPMSVLAKTIKQHGAIPGLQIVHPGRDAAFVRGDDLIS
SSRIQWEPWYENGGAVPRELTIEEIHDFVGYFGDCALRAQTAGFEIVDVHAACGVLLSNF
LSPRNNTRNDMYGGSLHNRARFLLEVIRDIKKKCPNLPLAIRLSGIDFEPDGITIEETCE
VAKMCEAAGADAINITWGSHAEVINAAGLLSKHGANHVEAAKMIKDAVSIPTMLCGGIYS
PEIGEKLLEDGVCDFIGIGKPALADPMWAKKAAEGRPEDIRPCIGCGVGCHDRGMLSGGV
VQCAVNAALYKFDEPVYPQAEVPKKVIIIGAGPAGCEAAITAKKCGHDVTIYEKRKIGGV
LKEATVSDSKEDLGRLITYYETQLKKEGIEVIYEEATADTVVAGGFDVAIVACGATVRNL
NIDGQDDPSVVYAMDFLDNDCKSDADRVVVVGGGIVGAETALILAEERGKDVTITTRSPE
FFVPGVMGIAYMVRLGMAGVTIKPSTQLVAVKDGKPMFAGPRGLETLDVDQTIISSGFVP
TFNQFRAQIEEKCEDVRVIGIGDCKASRMVMDAVHEGYLAGCNL
"
>tr,H3JUE3,H3JUE3_9ACTN, DHD-to-equol conversion enzyme 2,Slackia sp. NATTS,647703,dece-2,4,1,"MTTIPKLKGAPDFGKRIAPDESVGKRLEGKRILLTGTTKGVGHVAQELLCAHGAFVCGSG
RTPGAAAAYADELKAKGYKAAGFDCDLSDYEAVKKWVAQCAELMGGIDVVINNASHPGMA
PFEAMDVETWNYGIRNELDLVYNVCNCAWPYLKEGNGANIIITSSTVGLQGSNSPQACHA
AAKGACLALARQLAAEGGPFGIRCNSVTPGLVWTEAMANIPKEMASGLIAAQTTQQAIDP
IDIAYAYLFLASDEARQITAANIPVDGGCSGATTGAMQGEIE
"
>tr,M9NYU8,M9NYU8_9ACTN, 3-oxoacyl-ACP reductase,Slackia isoflavoniconvertens,572010,ddr,4,1,"MAQEVKAPKISGAPEFGKWISPEESVGQRLKGKKILLTGTTKGVGHVAQELLCAHGAFVC
GSGRTPGAAAAYADELKAKGYKAAGFDCDLADYEAVKKWVAQCAELMGGIDVVINNASHP
GMAPFEAMDVETWNYGIRNELDLVYNVCNCAWPYLKEGNGANIIITSSTVGLQGSNSPQA
CHAAAKGACLALARQLAAEGGPFGIRCNSVTPGLVWTEAMANIPKEMASGLVAAQTTQRA
IDPIDIAYAYLFLASDEARQITAANIPVDGGCSGATTGAMQGEIA
"
>tr,H3JUE2,H3JUE2_9ACTN, DHD-to-equol conversion enzyme 1,Slackia sp. NATTS,647703,dece-1,4,1,"MAEFDVEYDLVVVGGGASGKSAALIAARAGKNVVVLEKMPETGGLSMYAEGTAAFESSVQ
KELGIPRLSKYHFPTKKEGLEKLMGYSHQRANYEVARAFVENSAETIDIYRDLGVVYKTC
DIAAEDDPNEVWTFHLPEGLGAHCQEVLLDAIQKLDVDIFTETPAKELIIEGGRVVGVVA
ESEGAPLRIGGKAVILATGGMGSNPDRIFKYSWFAPAAYNMNTLTPLQNVGDGLDLALSA
GADPTVITTCPILAAGGRDMTMDSQVGGAGVNPGVWVNKTGHRFAAESVAENLGDIGTYY
GKQPGGIVWSILSQADVDRLVSEGSEIAIGEFVVYHKPMDRLPIELDAHLESGLVKKADT
LEELADMMDVPQDVFVETMRSYNEACEKGYDDAFMKKPQYLRAVDKAPFYAIPLTTGTMG
SAGGIKINGNMQVVDVDGNAIEGLYAVGLDATGLYGDSYNMEIPGCANGFAHTSGRIAAR
HAIANM
"
>tr,E7FL40,E7FL40_9LACT, Tetrahydrodaidzein reductase,Lactococcus garvieae,1363,l-thdr,4,1,"MAEFDVEYDLVVVGGGASGKSAALIAAREGKRVVVLEKMPETGGLSMYAEGTAAFESSIQ
NELGTPRLSKYHFPTKQEGIEKFMGYSHQRANYDVVRAFVENSAETIDIYRDLGVVYKAC
DIAAEDDPNEVWTFHLPEGLGAHCQEVLLDAIQKLDVDIFTSTPAKELIIEDGAVVGVVA
ESDGEPLRVGGKAVILATGGMGSSPERIFKYSWFAPAAYNMNTLTPLQNVGDGLDLALSA
GADPTYITTCPILAAGGRDMTMDSQVGGAGVNPGVWINKTGRRFAAESVAENIGDIGTYY
GKQPGGVVWSILSQADIDRLVAEGSEIAIGEFVVYHKPMERLPIELEAHLESGLVKKAGS
FEELAALIDVPVDTFVATMADYNEACEKGYDDAFMKKPQYLRPMVEGPFYAIPLATGTMG
SAGGIRINGNMQVVDADYNAIPGLYAVGLDATGLYGDSYNMEVPGAANGFAHTSGRIAAR
HAISTM
"
>tr,I7H868,I7H868_9LACT, Dihydrodaizein racemase,Lactococcus garvieae,1363,L-DDRC,4,1,"MIKAQLNRIALRAADADKAVEDLNKLLGVTFYGPYDDEHMGLRVALPKSGGIEVMAPMHD
HDAIGAYKALQTVGEGISGIAMRVDDFDAAKEHFASLGLTPVVEFNHGKFREMIFPPQPA
THNLEIAVNEFPDANGAAIQVALDMGVDWTDVCDWDAK
"
>sp,P09848,LPH_HUMAN, Lactase-phlorizin hydrolase,Homo sapiens,9606,LCT,1,3,"MELSWHVVFIALLSFSCWGSDWESDRNFISTAGPLTNDLLHNLSGLLGDQSSNFVAGDKD
MYVCHQPLPTFLPEYFSSLHASQITHYKVFLSWAQLLPAGSTQNPDEKTVQCYRRLLKAL
KTARLQPMVILHHQTLPASTLRRTEAFADLFADYATFAFHSFGDLVGIWFTFSDLEEVIK
ELPHQESRASQLQTLSDAHRKAYEIYHESYAFQGGKLSVVLRAEDIPELLLEPPISALAQ
DTVDFLSLDLSYECQNEASLRQKLSKLQTIEPKVKVFIFNLKLPDCPSTMKNPASLLFSL
FEAINKDQVLTIGFDINEFLSCSSSSKKSMSCSLTGSLALQPDQQQDHETTDSSPASAYQ
RIWEAFANQSRAERDAFLQDTFPEGFLWGASTGAFNVEGGWAEGGRGVSIWDPRRPLNTT
EGQATLEVASDSYHKVASDVALLCGLRAQVYKFSISWSRIFPMGHGSSPSLPGVAYYNKL
IDRLQDAGIEPMATLFHWDLPQALQDHGGWQNESVVDAFLDYAAFCFSTFGDRVKLWVTF
HEPWVMSYAGYGTGQHPPGISDPGVASFKVAHLVLKAHARTWHHYNSHHRPQQQGHVGIV
LNSDWAEPLSPERPEDLRASERFLHFMLGWFAHPVFVDGDYPATLRTQIQQMNRQCSHPV
AQLPEFTEAEKQLLKGSADFLGLSHYTSRLISNAPQNTCIPSYDTIGGFSQHVNHVWPQT
SSSWIRVVPWGIRRLLQFVSLEYTRGKVPIYLAGNGMPIGESENLFDDSLRVDYFNQYIN
EVLKAIKEDSVDVRSYIARSLIDGFEGPSGYSQRFGLHHVNFSDSSKSRTPRKSAYFFTS
IIEKNGFLTKGAKRLLPPNTVNLPSKVRAFTFPSEVPSKAKVVWEKFSSQPKFERDLFYH
GTFRDDFLWGVSSSAYQIEGAWDADGKGPSIWDNFTHTPGSNVKDNATGDIACDSYHQLD
ADLNMLRALKVKAYRFSISWSRIFPTGRNSSINSHGVDYYNRLINGLVASNIFPMVTLFH
WDLPQALQDIGGWENPALIDLFDSYADFCFQTFGDRVKFWMTFNEPMYLAWLGYGSGEFP
PGVKDPGWAPYRIAHAVIKAHARVYHTYDEKYRQEQKGVISLSLSTHWAEPKSPGVPRDV
EAADRMLQFSLGWFAHPIFRNGDYPDTMKWKVGNRSELQHLATSRLPSFTEEEKRFIRAT
ADVFCLNTYYSRIVQHKTPRLNPPSYEDDQEMAEEEDPSWPSTAMNRAAPWGTRRLLNWI
KEEYGDIPIYITENGVGLTNPNTEDTDRIFYHKTYINEALKAYRLDGIDLRGYVAWSLMD
NFEWLNGYTVKFGLYHVDFNNTNRPRTARASARYYTEVITNNGMPLAREDEFLYGRFPEG
FIWSAASAAYQIEGAWRADGKGLSIWDTFSHTPLRVENDAIGDVACDSYHKIAEDLVTLQ
NLGVSHYRFSISWSRILPDGTTRYINEAGLNYYVRLIDTLLAASIQPQVTIYHWDLPQTL
QDVGGWENETIVQRFKEYADVLFQRLGDKVKFWITLNEPFVIAYQGYGYGTAAPGVSNRP
GTAPYIVGHNLIKAHAEAWHLYNDVYRASQGGVISITISSDWAEPRDPSNQEDVEAARRY
VQFMGGWFAHPIFKNGDYNEVMKTRIRDRSLAAGLNKSRLPEFTESEKRRINGTYDFFGF
NHYTTVLAYNLNYATAISSFDADRGVASIADRSWPDSGSFWLKMTPFGFRRILNWLKEEY
NDPPIYVTENGVSQREETDLNDTARIYYLRTYINEALKAVQDKVDLRGYTVWSAMDNFEW
ATGFSERFGLHFVNYSDPSLPRIPKASAKFYASVVRCNGFPDPATGPHACLHQPDAGPTI
SPVRQEEVQFLGLMLGTTEAQTALYVLFSLVLLGVCGLAFLSYKYCKRSKQGKTQRSQQE
LSPVSSF
"
>ncbi,BAN78197.1, , putative_daidzein_reductase ,Adlercreutzia equolifaciens DSM 19450, , , , ,"MKKNQHFPKLFERGYIAGLEIKNRIVRQPMGTELGNPDGSPSWATVKAYAEAADGGAGIVYMDNAGVTQF
HHVGLSIASDPYIGPMSILAKTLKHHGAVPGLQIVHPGRDAAFVAGDDLISSSRVMWEPWYENGGGVPRE
LTIEEIHEFVEAFGDAAERGQRAGFEIIDVHSACGVLLSNFLSPLNNTRTDMYGGSLHNRMRFLMEVIRN
IKQKTSVPLSIRLSGCDFEPGGITIEETIEVAKACERMGADVINITWGSHAEVVNAAGLLSPHGANHVDM
AKRIKDAVSIPVMLCGGIYTPEIGEQLLEDGVCDYVGIGKPALADPFWAKKAEEGRSGDIRPCIGCGVGC
HDRGMLSGGMVQCAVNPTLYQFDREYFPKTDRPKKVAIIGAGPAGSTAALTAAECGHDVTLFEGREVGGV
LKEASVPVYKEDLGRLGKYYQRQIAKSNVKLVEENATPETIATGDFDAVIVATGGKVRELNLPGLDSDNV
IYAMDLMKQGCQLDADKVVVVGGGIVGAEAALILAEDFGKDVTITTRQDNFFVPGVMGIAYMTRLAMAGV
KTKTRANLVEVKDGKPVFSTMNGLEMMDVDAVVVSPGFLPTSQMRDDIEQIADVDTYVIGDAKAPRLVMD
AVHEGYKTAINL
"
>ncbi,BAN78199.1, , putative_dihydrodaidzein_reductase ,Adlercreutzia equolifaciens DSM 19450, , , , ,"MANIPKLVGAPDFGKLVAPEESLGKRLEGKRVLLTGTTKGVGRVTQELLCAQGAFVCGSGRSKGVAAEVA
NELVAKGYKAAGFDVDLSDYEAVKKWVADCAELMGGIDIVINNASHPGMAPFGEMTPDIWAYGIQNELDL
VYNVCNCAWPYLIEAGGGSIIITSSTVGLQGSNSPQACHAAAKGACLALARQLAAEGGPFGIRCNSITPG
LVWTEAMSNIPKEMAQGLIAAQTTQQAIDPLDIAYAYLFLASDESRFITAVNLPVDGGCAGAVTGGMQGE
IA
"
>ncbi,BAN78200.1, , putative_tetrahydrodaidzein_reductase ,Adlercreutzia equolifaciens DSM 19450, , , , ,"MAFDTEYDLVVVGGGASGKSAALEAARAGKSVVILEKMPETGGLSMFAEGTAAFESSEQKKLGKPAHPDR
HFPTKQEGYDKFNAYSHYRANFDVVRAFVDNSADTIDFLKDLGVEYKTVTIAAYDDPNEVWTFHLPDGLG
ARVQELLLSAVEHAGVDIFTETPATELIIEDGKVVGVVAESEGEPLRVGGKAVVLATGGMGSNPELIAKY
SWFAPSAYNMNTLTPLQNMGDGLMMALSAGADDTNIVTCPILAAGARDKAMDSHIGAAGVQPGAIWINKT
GRRFANEGTAENIGDIGPLYGKQPDGIVWSVLDQANIDRLAENGSEISIGEFVVFGRPLDRLRMELDQDV
ADGVAFAANTPEELAEKIGVSPENFAATVATYNEACATGDDKAFFKQEKYLRPLSTPPFYAVALATGTMG
SAGGIRINGNMQVVDKDYEPIPGLYAVGLDATGLYGDSYNMEVPGAANGFAHTSGRIAGRHFAAQQA
"
>ncbi,BAN78203.1, , putative_dihydrodaizein_racemase ,Adlercreutzia equolifaciens DSM 19450, , , , ,"MKGKLIRVCVVANDAAETMRDFNDLFGVEFYGPFDDEHVKLKVALPRSGGMEVSSPTAADDPIGFSQYLA
AHGEGIKGIALRVDNIQEAMDELKAKGVELGVYFEHNLMKECIIPPQPKTHNIEVALNEFPDEDPVGQAV
ARDMGIDLYA
"
>tr,F7V1S2,F7V1S2_EEGSY, Uncharacterized protein,Eggerthella sp. (strain YY7918),502558,EGYY_15750,4,1,"MAQEVKVPKMPGAPVFGKWISPEESVGQRLKGKKILLTGTTKGVGRVTQELLCAHGAFVC
GSGRTPGVAASVADELKAKGYQAAGMDVDLSDYDAVKKWVEECAELMGGIDVVINNASHP
GMAPFGEMTPEIWNYGVKNELDLVYNVCNCAWPYLQKADGASIIITSSTVGLQGSNSPQA
CHAACKGACLSLARQLAAEGGPFGIRCNSVTPGLVWTEAMSNIPKEMASGLVAAQTTQQA
VDPMDIAYAYLFLASDESRQITAANIPVDGGCAGAVTGGMQGEIEV
"
>tr,F7V1S3,F7V1S3_EEGSY, FAD_binding_2 domain-containing protein,Eggerthella sp. (strain YY7918),502558,EGYY_15760,4,1,"MAQFDVEYDLVVVGGGASGKSAALIAAREGKRVVVLEKMPETGGLSMYAEGTAAFESSIQ
NELGTPRLSKYHFPTKQEGIEKFMGYSHQRANYDVVRAFVENSAETIDIYRDLGVVYKAC
DIAAEDDPNEVWTFHLPEGLGAHCQEVLLDAIQKLDVDIFTSTPAKELIIEEGAVVGVVA
ESDGEPLRVGGKAVILATGGMGSSPERIFKYSWFAPAAYNMNTLTPLQNVGDGLDLALSA
GADPTYITTCPILAAGGRDMTMDSQVGGAGVNPGVWINKTGRRFAAESVAENIGDIGTYY
GKQPGGVVWSILSQADIDRLVAEGSEIAIGEFVVYHKPMERLPIELEAHLESGLVKKAGS
FEELAALIDVPVDTFVATMADYNEACEKGYDDAFMKKPQYLRPMVEGPFYAIPLATGTMG
SAGGIRINGNMQVVDADYNAIPGLYAVGLDATGLYGDSYNMEVPGAANGFAHTSGRIAAR
HAISTM
"
>sp,Q9H227,GBA3_HUMAN, Cytosolic beta-glucosidase,Homo sapiens,9606,GBA3,1,2,"MAFPAGFGWAAATAAYQVEGGWDADGKGPCVWDTFTHQGGERVFKNQTGDVACGSYTLWE
EDLKCIKQLGLTHYRFSLSWSRLLPDGTTGFINQKGIDYYNKIIDDLLKNGVTPIVTLYH
FDLPQTLEDQGGWLSEAIIESFDKYAQFCFSTFGDRVKQWITINEANVLSVMSYDLGMFP
PGIPHFGTGGYQAAHNLIKAHARSWHSYDSLFRKKQKGMVSLSLFAVWLEPADPNSVSDQ
EAAKRAITFHLDLFAKPIFIDGDYPEVVKSQIASMSQKQGYPSSRLPEFTEEEKKMIKGT
ADFFAVQYYTTRLIKYQENKKGELGILQDAEIEFFPDPSWKNVDWIYVVPWGVCKLLKYI
KDTYNNPVIYITENGFPQSDPAPLDDTQRWEYFRQTFQELFKAIQLDKVNLQVYCAWSLL
DNFEWNQGYSSRFGLFHVDFEDPARPRVPYTSAKEYAKIIRNNGLEAHL
"
>tr,M9P0B3,M9P0B3_9ACTN, Succinate dehydrogenase,Slackia isoflavoniconvertens,572010,tdr,4,1,"MAEFDVEYDLVVVGGGASGKSAALIAARAGKNVVVIEKMPETGGLSVFAEGTAAFESSVQ
KELGTPRLSKYHFPTKQEGLDKIMGYSHQRANYEVARAFVENSAETIDIYRDLGVVYKTC
DIAAEDDPNEVWTFHLPEGLGAHCQEVLLDAIQKLEVDIFTETPAKELIIEDGRVVGVVA
ESDGEPLRIGGKAVILATGGMGSSPDRIFKYSWFAPAAYNMNVLTPLQNVGDGLDLALSA
GADPNTITTCPLLAAGGRDMTMDSQVGGAGVNPGVWINKTGHRFAAESVAENLGDIGTYY
GKQPGGIVWSILSQADVDRLVSEGSEIAIGEFVVYHKPMTGLLPELEAHLESGLVKKADT
FEELAEQMGVPTDAFVETMAAYNEACERGVDEAYFKKPQYLRALVEPPFYGIPLATGTMG
SAGGIKVNGDMQVITSDGDAIPGLYAVGLDATGLYGDSYNMEIPGCANGFAHTSGRIAAR
HAIANM
"
>tr,V9P0A9,V9P0A9_EUBRA, Chalcone isomerase,Eubacterium ramulus,39490,tai,1,1,"MADFKFEPMRSLIYVDCVSEDYRPKLQRWIYKVHIPDSISQFEPYVTKYAFYPSFPIPPQ
GDRFGYARMQLTEHHWLVSDLDPRLEIKAIAETFPMDVLVWQGQIPAAAHTDAQIDSDGD
AGNAARKSNNAEGNPFIFAFLPMWWEKDLKGKGRTIEDGANYRFNMTIGFPEGVDKAEGE
KWLFEKVVPILQAAPECTRVLASAVKKDINGCVMDWVLEIWFENQSGWYKVMVDDMKALE
KPSWAQQDAFPFLKPYHNVCSAAVADYTPSNNLANYRGYITMR
"
>sp,Q715L4,PHY_EUBRA, Phloretin hydrolase,Eubacterium ramulus,39490,phy,1,1,"MEEDFNMSTPGVKVGVXEEEKKLSYYKYYEQDLAPVPAEKIAILQGGPIAPEKCIPFDER
NKFLKGEDDEYANIGFGVAADGTALVCNTTYMPGVTGEMLDWWFPWHSVGSDLRYKIWDP
EDHYFARAYPASYVVDPNVPMNQKTWGVDHYIMEDVGPGPEFLKLCFKRPADFGYDESII
GTEKCESLVCAIGESSCAAAMTHKWHPYKDGVLFESRFWIGYRIDEEGNIVKAIPEGVSI
PPFVPQGLFAHNIKEFTNLAAILPTLYAEEKDTF
"
>tr,J9XU85,J9XU85_BIFAN, Beta-glucosidase,Bifidobacterium animalis subsp. lactis,302911,DD702_05360,3,1,"MTMTFPKGFQFGTATAAYQIEGAVDEDGRTPSIWDVFSHAPGRVLNGDTGDKADDFYHRW
QDDLKLVRDLGVNAYRFSIGVPRVIPTPDGKPNEKGLDFYERIVDQLLEYGIDPIVTLYH
WDLPQYLNEDPYRDGWLNRETAFRMAEYAGIVAKRLGDRVHTYTTLNEPWCSAHLSYGGT
EHAPGLGAGPLAFRAAHHLNLAHGLMCEAVRAEAGAKPDLSVTLNLQVNRGDADAVHRVD
LIANRVFLDPMLRGYYPDELFAITKGICDWDFVHDGDLKLINQPIDVLGLNYYSTNLLAM
SDRPQFPQSTEASTAPGASDIDWLPTDGPHTQMGWNIDPDALYNTLVRLNDDYDHIPLVV
TENGMACPDEVEVGPDGVKMVHDDDRIDYLRRHLEAVHRAIEEGANVIGYFVWSLMDNFE
WAFGYDRRFGLTYVDYDTEERIRKDSYNWYRNFIAEHSAK
"
>tr,A0A0E3TKF2,A0A0E3TKF2_9FIRM, DfgC,Catenibacillus scindens,673271,dfgC,4,1,"MSKKLPVAVQVYGLRDLLENTPENFKDVMQKVKDLGYDGVELAGLYGLEPEFVKKTLDEV
GLVPISAHVPFVDMMEDLDKVIADYSTIGVKYLVMPYMAEEYRPVNPEGFKGFLPLLNEI
GEKIHKAGMTFLYHNHDFEFVKLEDGRWGYDAMFEAIPHDNLMSELDTCWCDVATGDPCG
FIRKYTGRIPVVHLKDYIKKGEVKNMYKLIGIETEEDDSDTGYFGFRPVGFGQMIWEPVL
EASIEAGANWVVVEQDEHYEVDPLECARRSREYLKILGW
"
>tr,A0A0E3TJD6,A0A0E3TJD6_9FIRM, DfgD,Catenibacillus scindens,673271,dfgD,4,1,"MKKDQEIRIAIIGTGMISHRHMTVINNLKKQGHNLKVVAAAEIQKDRLEAFGKQYGLDEK
DLYQDFREMLKRDDIDEVEVCVHNNLHTSVATAVMAAGYPCYSEKPMSASYADAKILYDA
QKKYGQKLAIQISSIYNPQTRIAKQMIADGKLGKVYHARSVGHRRQGRPGYDMPFFSKDF
IDPKIGVHGPLFDLGIYHLAQMLYVLGMPELESVYGVQSCDYWTNPKLDKVTNRTVPVED
LGVGIARFKGGISMDIYEDWAMHMDEIGTSFIAGSMGGLKFIDVDTTGGPLAVPEGGAIV
GGGNLQLPRLEWFGITEEGQTFANKIDCAIGDVSGQLEITMDPEMEMYNDNQLQWYSYLR
GDLTDETRIDSPYIAMQTAFLSEGVVLSSELGRSVTADEIKAMSKSIALREQETPFGTIK
YDFDDYKG
"
>ncbi,WP_004604487.1, , sugar phosphate isomerase/epimerase ,Eubacterium cellulosolvens, , , , ,"MKKFPVGIQVYGLRDLLENTPENFKNVMTQIKKMGYDGVELAGLYGLEPSFVKKVLDEVGLTPISAHVAF
AEMIEDIDKVIADYSAIGVRYLVMPYMAEEYRPVNPEGFRAFLPLLNEIGEKIHKAGMTFLYHNHDFEFV
KLENGKWGYDEMFDSIAHDHLQCELDTCWCDVATGEAPEFIRKYTGRIPVVHLKDYIKKGEVKSMYKLIG
IEEEDQGEDSGYFGFRPVGFGQMIWEPVLEAAADACAEWVIVEQDEHYELAPLECARRSREYLRILGI
"
>ncbi,WP_004604486.1, , Gfo/Idh/MocA family oxidoreductase ,Eubacterium cellulosolvens, , , , ,"MKELRIAIIGCGMISHRHMTVIENLNKRGQNLKVVAAAEIDKDKLMAWGKQYGLDEKDLYVDFREMLKRD
DIDEVEVCVHNNLHTSVATAVMAAGFPCYSEKPMAASYADAKILYDAQKKYGQKLAVQISSIYNPQTRIA
KELIADGKLGKVYHARSVGHRRQGRPGYDMPFFSHDFVDPEIGVHGPLFDLGIYHLAQLLYIMGMPELES
VYGTTSCDYWRDKRIDDAVNCHTPVEDLSVAIARFKGGLSMDIYEDWAMHMDEVGSTFIAGSLGGLKFTD
VDQTGGPMAVPEGGSIVGGGALQKPRLQYFGVDEKGRLFDTKLECAIGDVTGQQELALHPEMEMYNDNQL
QWYSYLRGILTDETRIDSPYIAMQTAFLSEGVMLSTELGRSVTADEIRKMSKSIAIRKQQTPFGVIEYDF
DDYKPE
"
>ncbi,WP_004604489.1, , sugar phosphate isomerase/epimerase ,Eubacterium cellulosolvens, , , , ,"MYRYEKKGPKRGVALYSYSAEFGLTKTLEDCFEDLHDMGAHGIEILANTHIENYPYPTDEWVEKWWRLCD
KYEIVPVEYGNWIDSHVLGDRDLTTEESVEMLKRDIRLAHRLGFTVMRTKMPVINDLLEPVENWKEIIKG
ALPLAEELGIKMCPEIHTPSNLKGKLVNDFVEFIKETGTKNFGLNIDFSVFRTSFAEGEWVDPNYTPNKP
EDIIPLLPYVYCCHAKFIHMSDDFKETTIPYEEVVKTMEDNGYEGYLLSEYEGADKYDEGYEVGQTLRKH
HILLKNLLGD
"
>ncbi,WP_004604488.1, , hypothetical protein ,Eubacterium cellulosolvens, , , , ,"MEKQVIQSVGFRNIKNGNGEITGFQFKVKLPYYRGVFLSQIRPGTLFVDGQKIEKDQITWTINGEEYTNQ
EMRGDFKTHWATTKPAVLKVKMPGGLAQGYHDLKYGFCFTSSYMPPIIQDGLDPDKESMVYMPEFGHHVN
ERRLLIV
"
>ncbi,WP_004604485.1, , Gfo/Idh/MocA family oxidoreductase ,Eubacterium cellulosolvens, , , , ,"MAQDIRIAIVGHGFMGHEHEKMLYDFPGIRLVGFSDKDPAQLEDVKEGLKRYQSNEELFADPEVDVVIIA
ANNNQHRDLVIQAANAGKNIICEKPVAMSLQELEEMEEAVKRNGVKFTVHQQRRFDPDFRTAKAVYDSGT
LGEVYAIKNQLYGFNGNMHDWHVFVEEGGGMLYDWGVHLLDQVCFMFPGAKLKSVFADIRNVINDEVDDY
FNIMLRFDNQVTATVELGTYYLADKVQDKWFERHWFVAGNKGTAYVDGFFPEGKIVRTTHLLTNVGGKRT
MTAAGPTRSFGPAPEGTIVTEPLPEVHTEHRNYFENYIRAYYGEEEFYVKIPEVKRVLKLMDAVRESGRT
GKSIDFE
"
>tr,X2CNV1,X2CNV1_9BIFI, A-L-rhamnosidase,Bifidobacterium dentium,1689, ,4,1,"MRIMDTQIIKPIAVGDLHITRFTIEHFPGDALGIPTATPRMNWTYSRTVPDGSQILLKIS
RRIPGAQAREEYTYLPPEDNVLVPWQFTPLASREEVFATVQLVSAAHKPLSDPSATLHFE
AGLMQEYEHVADFVGPSWAEPETDHRHLPLVRTEIAIKAKPKRARLYLSALGLVEAEING
VKIGNDALIPGWTNYEQRVQCWTYDVTDELNEGANAMGFWLGDGWYRGRLGFDGGYVNYY
GDRLGVFAQLEIEYEDGGIEHVYSNAWDRQWKASLGPIVCSDLCEGERYDARLEQPGWSE
PGFDDSNWKPVSEIFYDPAKIENPDTSPVRAHEINEPVSIARTGDTPDGRGIWLVDFGQN
CTQRIRLRIAGLEAGQSVELHHVEVLEPNGEIATRTLRRGQQHDIYTSNGTDAWWEPRFA
MHGFRYAQIEGVVGELTVADIECHVYHSVMDRAGELETSNPLLNRLHANASWSMRSNFVS
VPQDCPQRDERMGWTGDICLFAPTAAYLYDVYGFLKSWLKDVRADQVKWGTVPFYVPFIP
LGGWAHPQAISTWGDSAVEVPWVLYMESGDPQILADSYELSRDWIDEVAGYLSADGVWDR
RPDYVLGQLGDWLDPTAPPDDPTQAMTEKELVATAFFARSCAQAEQIAQILGKSEDVVRF
GDLRKHVTSGFLGRFTNLDGTMTSDTQCAYALAIAFGLLDGEPVRRVKAGNRLAKLVRES
GGKVSTGFAGTPFVLPALTMTGHNEEAYGLLLSEECPSWLYQVKMGATTTWERWDSMRPD
GSLNPGGMTSFNHYALGSVAEWMHAHIGGLEAIEAGWKRFRVAPVIGGGIDHASTAHVTP
YGKASVAWKTSETGVELDVTVPIGATAVVELPDHEPTELIGGTHHLVVAL
"
>tr,A0A072MRT2,A0A072MRT2_9BIFI, Beta-D-glucosideglucohydrolase,Bifidobacterium pseudocatenulatum IPLA36007,1454376,AW18_08090,4,1,"MTETIENTANLPYKNPELPTEERIADLLGRMTLEEKVGQMMQLDARSGDLDDLIVNKHVG
SILHTSPSDLPKAVETVNTKTRLGIPLVIGDDCIHGYSFWPGATIFPEQLGMATTWDSEK
VQAAGRATAEEVSTTGVHWTFSPVLCIARDTRWGRVGETFGEDPYLIGEMASSIVKGYQG
GAKAGEPLAKDAILACAKHFAGYSETQGGRDASEADLSHRKLESWFLPPFERVAKEGCGT
FMLGYESIEGVPVTFNKWLLSDRLRGAWNYQGTLITDWDNVGRSVWEQKVKPDYVQAAAD
AVKSGNDLVMTTPKFYEGAIEAVKTGLLDESLIDAAVARILALKFRLGLFEDPRLPDQER
INAVIGSEEHQQLNLEVAREAVALLKNNGSLPFNAAGAKRIAVVGPLADDAQTQLGDWAG
SSGQINWMPDGHPREMITTVLDGFKQLSPEGCEVVYSRGANIVDLVPDPEGEFYPDGQPR
PKIGVSAKLDRALLDEAVENARQSDLIVAVVGDVIQAIGEGCSTATLELLGGQNALIDAL
SNVARETGKPFVVVLVSSKPQVLPASVIGTNGVIVDETPAEGTSALLWAPSPGMKGGQAI
AEIILGETEPSGRLPITFPRHAGQLPVYYNQIRGQHGNRYADLTQDPAFAFGEGLSYTTF
EYGEPTVTNVPESGAFGETDTVHAEITLTNTGDRKGTEVVQLYIGDIVTSYSWTDRELKA
FQRVELEPGESETVAFDIPVSDCTIVDSEANRIVEPGEFEVLIGHSSRREDLKRTTFTVA
"
>tr,A0A072N4Q2,A0A072N4Q2_9BIFI, Beta-glucosidase,Bifidobacterium pseudocatenulatum IPLA36007,1454376,AW18_08145,3,1,"MSENTYPSVNDLTLEEKASLTSGGDAWHLQGVEAKGIPGYMITDGPHGLRKSNSATTGEV
DLNNSVPATCFPPAAGLSSSWNPELIHQVGEAMAEECIQEKVAVILGPGVNIKRNPLGGR
CFEYWSEDPYLAGHEAIGIVAGVQSKGVGTSLKHFAANSQETDRLRISANISQRALREIY
FPAFEHIVKEAQPWTIMCAYNCINGVHAAQDRWLLTDVLRDEWGFQGIVMSDWGADHDRV
ASLNAGLNLEMPPSYTDDQIVYAARDGRIQPAQLDRMAQGMIDLVNKTRAAMSVENYRFD
IEAHDEVAHQAAVESMVLLKNDDAILPVAGDAKVTVIGEFARTPRYQGGGSSHITPTKMT
SFLDALTERGVDAKFAPGFTLDLEPADPALEAEAVEAAKGADVVLMFLGLPEAAESEGFD
RETLDMPAKQIALLEAVAAENKNVVVVLSNGSVVTVAPWAKNAKGILESWLLGQSGGPAL
ADVLFGKVSPSGKLAQTIPFDINDDPSTINWPGEEGHVDYGEGVFVGYRYYDTYNKAVDY
PFGFGLSYATFEVSDVKAVKTGACTATVSAVVKNTSNVDAAETVQVYVAPGKADVARPKH
ELKGFKKVFLKAGESAEVSFDLDDRAFAYWSEKFNDWHVESGEYAIEVGTSSRDIAGSAV
VELDGDGKTQQLTEWSNFMEWRKDPLGSQVLEKLRAEGEAGRMPIVPDNDMTRLFLDSMP
INSMSVLMGADGKQIFEYMLEKYAELTK
"
>tr,A0A072MSE8,A0A072MSE8_9BIFI, Beta-glucosidase,Bifidobacterium pseudocatenulatum IPLA36007,1454376,AW18_09810,3,1,"MELEELSVVEKAAMLSGGSEWDSRGNDRADIPSFVMSDGPHGVRRQLGEGDHLGIGASKP
ATCFPTAGTVANSWDPALAEEMGEALGSEAHDLDVNVLLGPGLNIKRNPLCGRNFEYYSE
DPIVAGRMAAGLIRGIQSNGISACPKHFAVNSQELRRQASNSVVDERTMRELYLTGFEIA
VREAKPLTIMTSYNEINGVYAHENKHLLQEILRDEWGFDGMVVSDWGGSNSAVAAVKAGG
SLEMPSPGFTSARELEGAVKAGTLSEADINARAAEVAKIAAATKLVGVGRNDLLKDDIAA
AHHDVARKVAEGSSVLLKNDNATLPFKAGTRVAVIGDMAATARYQGSGSSKVNATKEENI
LEEVKNAEGLVLAGYEQGYDRQGKADRVLVEDAVALAGKESVDAVLAVVGLDERSESEGL
DRSTMAIPQVQNDLVEALKGAGKPIVVVLVAGSPVELPWIDDVAAVLYVGLSGQAGASAT
VRALTGEINPSGHLAETWPMHYEDCPSSGWYPAIGRDAIYREGPFVGYRYYETAGVPVRF
PFGYGLSYSTFTYSAATAGENGIDVMVSNDSDVAGSTVVQLYVRGPQGGVLRPDRELKGF
AKVSLAAHESKSVHIDFDRYTFRHFDAASNEWKTETGEWTLMVGDNAEHLPLTIPHTVAG
DVNPVAADTALGHYLSGHVKEVTDAEMAVLFGHEVVAPGKPVTFGVNDPIMSWVDSKGFV
ARTVAKTLTKQEAKIRQKTGAPDLNTLFILNMPPRAMSKMTQGMVDSAMVDAIVKIANGH
TFRGLGGVIAGFFRNQSANKRTAKELNND
"
>tr,A0A072MX70,A0A072MX70_9BIFI, Beta-glucosidase,Bifidobacterium pseudocatenulatum IPLA36007,1454376,AW18_01575,3,1,"MLQINMADVMNVIGSLTPYLIAIGVLFVLALIITFAVNKKTVKEVATRKIIHSESWLVAL
VGIVVAVSMMLSGPLSTLLNNATITKYMLSDTTVSKANELAKEVQSEAITMLKNDDSNLP
LANKKVNVFGWGSTNPVYGGTGSGSMSDQYDTVSLLDGMKEAGIETNADLTKLYTDYRAD
RPVVGMWAQDWTLPEVPADQYSDSLISDAKSFSDEAVVVLTRVGGEGADLPMNMKAEGIT
YENNSKDYEDFKDGESFLQLSQTERDMLDLVTKNFNKVTLVYNGANTFQFDFLNDYPQIK
SVVWCPPAGQTGFSALGDVLAGDTNPSGKTSDTFLKDLTQSVSYNNFGKFEYTNMEDKAA
KYTGFTGDEVTAIPGFVNYSEGIYVGYKFYETAAAEGAIDYDSMVAFPFGYGLSYTTFEQ
KLNDVTYKDGKVTVDVTVTNTGDTAGKDVVEVYYNPPYTEGGIEKASANLVGFEKTEKLE
PGASEDVTVEFEDDDMASYDYKNAKAYVLEKGDYNISINSDSHTVIGSKKITVDDTITYD
SDSNTHNGDQTVATNQFDDAAGDVTYLSRAGHFANYKEATAAPTNFEMSDKAKETFYNNT
NYDPSQFNDDSDEMPTTGAKNGLRLADMYGKDYDDADWEKLLDELTFDDMDNLIANGGYG
TPAVSSVGKIQLTDADGPASLNNNFTGVGSIGFPASTAFACTWNKDLAKQFGEMIGDMAH
DMHVAGWYAPAMNIHRNAFSGRTFEYFSEDSLLSGVMASNEIAGAKEKGVYSFMKHFALN
DQETKRTEMLCTWTNEQAMREIYLKPFEMSVKEGGAQAVMSAFNYIGNTYAGGNNVLLNT
VLRDEWGFKGFVLTDYFGGYGYQNGDQEIRNGNDSMLATTSITNHITDKSATSVKAMRTA
AHNILYTAANSWQYADGEPKVATPIWKTAMYVAWGVTAILVIALEALAIKRYMDRKKAKA
EVAA
"
>tr,V9P074,V9P074_EUBRA, Enoate reductase,Eubacterium ramulus,39490,ERS852448_02856,4,1,"MAEKNQYFPHLFEPLKVGSKTIKNRIEAAPALFAFEHYIELNPDPFGYTTPVPERAFRML
EAKAKGGAGIVCLGELSPNHEYDKRFPFEPYLDFTSRSDKQFEIMKETAEMIKSYGAFPM
GELLSCGEIKTNIGDGINPKGPSEKDLPDGSHVEAFTKEEILSCYQDYVTACKWFQAAGW
EGIMIHCGHGWLPAQFLSPQYNKRTDEYGGSFENRARFTVDLLKTVREAMGPDFVIEIRV
SSSEHLPGGLELEDAVNYCKLCEPYIDMIHVSCGHYLSSSRSWEFTTAYAPHGPNIEPAA
VIKQNVSIPVAAVGGINSPEQAEEAIASGKIDMVSMGRQFFADPAFPNKAKEGHADEIRR
CLRCGRCYPGPSGEHETEIWTVKFPPLDSCTINPYDVWPASHHKVLPDRMPKPEASRKVL
VVGGGCGGLQTAITASDRGHQVILCEKSGVLGGLINFTDHTDHKVDIRNFKDLLIRDVEK
RPIEVRLNCEVTPELIREIAPEAVVLAVGSDDLILPIEGIENAVTAMDVYSNDFAGLGKS
TIVLGGGLVGCEAAADYIDHGVETTIVEMKGALMPETTGLYRTAVHDFIDKNGGKYEVNA
KVVKVGKDFVVAEQDGKEITIKADSVVNAMGRRAHATEALETAIKEAGIPVWKIGDCVRA
RQIGDAVREGWTAAMEII
"
